GuestID,Name,Surname
1,Lucrèce,Mitchel
2,Gisèle,Trusse
3,Kévina,Cowans
4,Garçon,Peasgood
5,Eliès,Arnaldo
6,Garçon,Brood
7,Maëlla,Thurborn
8,Pélagie,Ditchburn
9,Gaétane,Bortolussi
10,Nadège,Litton
11,Réjane,Milmore
12,Göran,Gaish
13,Bérengère,Debrett
14,Anaïs,Aguirrezabal
15,Loïc,Apark
16,Mélia,Sheircliffe
17,Eloïse,Morffew
18,Lauréna,Clemmey
19,Maïlis,Leete
20,Andréanne,Artois
21,Stéphanie,Caldecot
22,Crééz,Kneebone
23,Michèle,Thompson
24,Léone,Pecht
25,Méng,Hamilton
26,Aloïs,Bezzant
27,Mélanie,Brookwood
28,Thérèsa,Hasell
29,Loïca,Greensitt
30,Kuí,Cordsen
31,Maïwenn,Dunthorne
32,Måns,Emery
33,Dù,Rolfe
34,Simplifiés,Moores
35,Gisèle,Suett
36,Bérengère,Parker
37,Torbjörn,Gerding
38,Lèi,Nial
39,Intéressant,Swinglehurst
40,Publicité,Haliburton
41,Håkan,Slack
42,Loïc,Mattielli
43,Garçon,Botwright
44,Médiamass,Menlove
45,Naéva,Perigoe
46,Léane,Jeves
47,Aimée,Shouler
48,Dafnée,McKevin
49,Nélie,Crackel
50,Estève,Raulston
51,Salomé,Bulford
52,Mélanie,Fulger
53,Mårten,Mossdale
54,Thérèsa,Schuricke
55,Méryl,Woolacott
56,Ráo,Okenden
57,Uò,Jahn
58,Naéva,Scarce
59,Frédérique,Knightley
60,Noémie,Blenkinsop
61,Maëly,Mowsdell
62,Joséphine,Arstall
63,Françoise,Yakubovich
64,Mylène,Kilshaw
65,Gösta,Josefer
66,Marie-hélène,Abdie
67,Miléna,Mounfield
68,Björn,Tanton
69,Eléonore,Springle
70,Liè,Bourley
71,Maïlis,Cornford
72,Gisèle,Alfonso
73,Esbjörn,Antonomolii
74,Régine,Chessman
75,Renée,Dozdill
76,Béatrice,Ebden
77,Kévina,Viney
78,Clémence,Brodway
79,Adélaïde,Salomon
80,Géraldine,Rodenhurst
81,Maëlla,Jacobovitz
82,Göran,Stutte
83,Liè,Pampling
84,Véronique,Norgan
85,Maï,Dugall
86,Loïc,Goreway
87,Zoé,Gabe
88,Magdalène,Walby
89,Gisèle,Meneux
90,Håkan,O'Collopy
91,Yénora,Kunrad
92,Néhémie,Crookes
93,Uò,McCumesky
94,Mélia,Clarage
95,Vérane,Hindsberg
96,Cinéma,Goodwell
97,Félicie,Zimmer
98,Zoé,Roddie
99,Zhì,Shillito
100,Adèle,Croom
101,Yáo,Borel
102,Andréa,Waldrum
103,Yè,Bullier
104,Kù,MacIlhagga
105,Audréanne,Minifie
106,Anaël,Stannion
107,Ráo,Mellem
108,Mélissandre,Dopson
109,Uò,Fogt
110,Adélie,Croan
111,Camélia,Aguirre
112,Kuí,Dilley
113,Loïca,Trevaskiss
114,Clélia,Duncanson
115,Audréanne,Norquoy
116,Maëlyss,Raoul
117,Audréanne,Cabotto
118,Clélia,Fanthom
119,Mélanie,Rapin
120,Mahélie,Keilloh
121,Maëlann,Allenby
122,Amélie,Alliot
123,Marie-ève,Hughlock
124,Séverine,Shrawley
125,Célestine,Revelle
126,Estève,Lamacraft
127,Célia,De Maine
128,Loïs,Meeron
129,Publicité,Whittaker
130,Edmée,Brownlow
131,Kuí,Lincoln
132,Maïlis,MacDonough
133,Ruò,Gleeson
134,Yóu,Marvelley
135,Hélène,Tumbelty
136,Béatrice,Gorries
137,Thérèse,Bachelar
138,Océane,Colgan
139,Audréanne,Ramsier
140,Camélia,Hatchard
141,Marie-hélène,Cleaver
142,Göran,Staite
143,Loïc,Harrower
144,Médiamass,Geram
145,Sélène,Watts
146,Garçon,Dockrell
147,Célia,Isherwood
148,Pélagie,Loader
149,Maëlys,Jendas
150,Maëline,Camous
151,Mélina,Hurring
152,Méghane,Bonelle
153,Faîtes,Ramstead
154,Marie-thérèse,Holdron
155,Clémence,Gotcher
156,Maëly,Curdell
157,Méthode,Cauldwell
158,Laïla,Kidde
159,Aimée,Gosart
160,Gaïa,Staziker
161,Laurène,Viant
162,Nélie,Hillhouse
163,Amélie,Geary
164,Maï,Urvoy
165,Marylène,O'Brogane
166,Maëlle,Ohlsen
167,Anaïs,Lorman
168,Åke,Elderton
169,Fèi,Edington
170,Mélina,Casine
171,Sélène,Kirman
172,Ráo,Dinis
173,Håkan,Alekhov
174,Dù,Macieja
175,Léane,Harrod
176,Edmée,Bootes
177,Aurélie,Briance
178,Naëlle,Nelsey
179,Cinéma,Kadwallider
180,Maëlle,Sonley
181,Mélys,Bewlay
182,Dù,Garrett
183,André,Aggis
184,Clémence,Roos
185,Angélique,Paulat
186,Amélie,Lundon
187,Aí,Kemmett
188,Camélia,Manford
189,Maïlys,Larrington
190,Danièle,D'Agostini
191,Simplifiés,Phillins
192,Illustrée,Keetley
193,Valérie,Corthes
194,Cunégonde,Doward
195,Inès,Boerder
196,Gaétane,Lyngsted
197,Cécile,Slad
198,Lauréna,Sallis
199,Maëlann,Dumphrey
200,Yénora,Remer
201,Åslög,Jakubovics
202,Dorothée,Larmuth
203,Örjan,Satteford
204,Hélène,Frangello
205,Görel,Cartmael
206,Marie-josée,Toe
207,Laïla,Wagstaff
208,Lyséa,Patington
209,Adélaïde,Runnett
210,Intéressant,Adnams
211,Lauréna,Huntley
212,Styrbjörn,Arthy
213,Mélinda,MacDonnell
214,Noëlla,McPhilip
215,Mélodie,Durtnal
216,Eléa,Balas
217,Angélique,Tynan
218,Pénélope,McBean
219,Anaïs,Fruchon
220,Rachèle,McDonogh
221,Adélaïde,Binyon
222,Nadège,Seabrooke
223,Maëlys,Burchett
224,Frédérique,Brockington
225,Liè,Dowbakin
226,Cléopatre,Hollidge
227,Desirée,Klosser
228,Andrée,Reichelt
229,Léana,Rolph
230,Björn,Andreutti
231,Anaëlle,Sertin
232,Réservés,Bedward
233,Gösta,Kilalea
234,Yú,Hame
235,Pénélope,Chittock
236,Séverine,Ferrero
237,Laurélie,Bridgwater
238,Maïlis,Belward
239,Séréna,Lemerle
240,Maëlann,Budgen
241,Camélia,Tourne
242,Judicaël,Lishmund
243,Amélie,Muat
244,Gösta,Cheson
245,Loïs,McCandie
246,Néhémie,Cutbirth
247,Uò,Bore
248,Noémie,Treeby
249,Mélinda,Elward
250,Crééz,Grayshan
251,Cléa,Colisbe
252,Célestine,Brunnstein
253,Alizée,Boyall
254,Örjan,Guyton
255,Mylène,Waldron
256,Océane,Richardeau
257,Kuí,Jelkes
258,Loïs,Featherston
259,Bécassine,Dumbelton
260,Görel,MacGillivrie
261,Aurélie,Phripp
262,Maëlann,Graver
263,Maïté,Jadczak
264,Tú,Tambling
265,Agnès,Cheasman
266,Cunégonde,Thurstance
267,Françoise,Pettendrich
268,Amélie,Thombleson
269,Géraldine,Marchand
270,Almérinda,Yakovl
271,Géraldine,Skews
272,Bérangère,Naismith
273,Dù,O'Hern
274,Joséphine,Spinage
275,Faîtes,Scawn
276,Yáo,Offin
277,Irène,Melby
278,Maëly,McGilvray
279,Jú,Adolfsen
280,Lorène,O'Connolly
281,Tán,Pavier
282,Maëline,Ramas
283,Athéna,Ricciardo
284,Dorothée,Nardi
285,André,Coultish
286,Solène,Sivell
287,Anaëlle,Ambrosi
288,Maï,Scoullar
289,Maëline,Demicoli
290,Océane,Southernwood
291,Célestine,Mc Caughen
292,Dù,Hurran
293,Maïly,Jossum
294,Audréanne,Doige
295,Mélia,Cearley
296,Geneviève,Ellit
297,Marie-josée,Yakuntzov
298,Gaétane,Munby
299,Josée,Stoile
300,Frédérique,Balderson
301,Ruì,Elacoate
302,Aí,Trinbey
303,Aí,Shrieves
304,Aí,Mackinder
305,Anaëlle,Benninck
306,Almérinda,Jedrzejewski
307,Félicie,Lumsdaine
308,Méline,Imesson
309,Angèle,Donwell
310,Noëlla,Vautre
311,Mahélie,Gymblett
312,Régine,Andrzejowski
313,Lorène,Fairbourn
314,Marie-josée,Hinckesman
315,Véronique,Queree
316,Médiamass,Oddey
317,Zoé,Lisciandro
318,Laïla,Fairbanks
319,Jú,Twelvetree
320,Maëlann,Girodias
321,Andréanne,Fritche
322,Médiamass,Kervin
323,Lài,Conway
324,Maëlle,Winsborrow
325,Bénédicte,Bailiss
326,Nadège,Rubinow
327,Méryl,Wortley
328,Fèi,Brahmer
329,Östen,Tilston
330,Solène,Donativo
331,Michèle,Greengrass
332,Noëlla,Anthill
333,Marie-hélène,Skamal
334,Clémentine,Cammomile
335,Mélodie,Whitehouse
336,Judicaël,Pocklington
337,Mélina,Bull
338,Camélia,Cutler
339,Rachèle,Cornelissen
340,Hélèna,Dominetti
341,Stéphanie,Tuffin
342,Marie-josée,Cudde
343,Léonore,Drewry
344,Stéphanie,Emps
345,Mélinda,McDonagh
346,Simplifiés,Darlow
347,Táng,Planke
348,Bérengère,Hynard
349,Cécilia,Hambleton
350,Kallisté,Philips
351,Bénédicte,O'Sullivan
352,Angèle,Divers
353,Mélina,Broinlich
354,Mélanie,Shopcott
355,Laurène,Couchman
356,Edmée,Bernardez
357,Zhì,Akrigg
358,Eléa,Linnell
359,Björn,Suett
360,Régine,Heeron
361,Valérie,Calderon
362,Eléa,Denys
363,Laurène,Marc
364,Tú,Streets
365,Marie-hélène,McGuirk
366,Maëlyss,Sill
367,Naéva,Morehall
368,Lóng,Brum
369,Mélia,Patriche
370,Mårten,Hutchinges
371,Aí,Heims
372,Vénus,Bradburne
373,Desirée,Gulliford
374,Annotés,McTeggart
375,Clémentine,Abrahams
376,Garçon,Duchatel
377,Josée,Cottage
378,Gisèle,Fulstow
379,Océanne,Le Quesne
380,Mà,Spur
381,Görel,Rycroft
382,Naéva,Janas
383,Pò,Mehmet
384,Anaël,Lowton
385,Tú,Sutton
386,Maïly,Provost
387,Agnès,Trimby
388,Mélanie,Beincken
389,Médiamass,Copeland
390,Néhémie,Olliver
391,Hélèna,Bullent
392,Béatrice,MacCosty
393,Loïs,Koene
394,Åke,Gutridge
395,Zoé,Lowdiane
396,Frédérique,Bolden
397,Zoé,Hearnah
398,Wá,Presnail
399,Rébecca,Beckley
400,Simplifiés,Maryan
401,Måns,Sultan
402,Méthode,Wilkisson
403,Yóu,MacRierie
404,Renée,Albertson
405,Gérald,Merrien
406,Jú,Baccus
407,Zoé,Lishman
408,Måns,Giraudy
409,Thérèse,Guthrie
410,Bécassine,Bottom
411,Angèle,McKilroe
412,Mahélie,Coultard
413,Mén,Brayshaw
414,Vérane,Kardos-Stowe
415,Renée,Pierce
416,Eugénie,Krolak
417,Aloïs,Dunthorn
418,Lóng,Redhole
419,Cléopatre,Orton
420,Léandre,Hardcastle
421,Torbjörn,Pakeman
422,Vérane,Gager
423,Geneviève,Gluyas
424,Loïs,Fitzpayn
425,Marie-ève,Murcott
426,Edmée,Tuffield
427,Mégane,Endrici
428,Tú,Hovell
429,Céline,Lucken
430,Maï,Writer
431,Erwéi,Georg
432,Simplifiés,Mushett
433,Cléopatre,Macquire
434,Mélissandre,Shackesby
435,Naëlle,Brosetti
436,Eléonore,Choppen
437,Mélanie,Upwood
438,Réservés,Lacoste
439,Anaëlle,Medway
440,Clémentine,Truder
441,Pò,Tregale
442,Ráo,Dodshun
443,Maëlyss,Mara
444,Intéressant,Clissett
445,Géraldine,Docksey
446,Maëlle,Beels
447,Publicité,Hitzschke
448,Yáo,Riordan
449,Adélie,Work
450,Mélina,Cregeen
451,Françoise,Kidman
452,Léone,Ropcke
453,Illustrée,Rand
454,Amélie,Fields
455,Zoé,Peschka
456,Kuí,O'Driscole
457,Léonie,Pawle
458,Gaïa,Pelham
459,Illustrée,Goodlife
460,Céline,Fulks
461,Anaël,Spellacy
462,Adèle,Oak
463,Vénus,Hendrik
464,Gérald,Navein
465,Mélissandre,Thome
466,Kuí,Benda
467,Mélys,Sibery
468,Méng,Sams
469,Marlène,Meighan
470,Eléonore,Habbeshaw
471,Léa,Drinkale
472,Mårten,Cammacke
473,Björn,Pottes
474,Yénora,O'Currigan
475,Andréa,Clashe
476,Marylène,Fardy
477,Crééz,Given
478,Rachèle,Nossent
479,Lài,Standell
480,Aimée,Perdue
481,Måns,Capron
482,Kù,Ogg
483,Renée,Umbers
484,Alizée,Plewes
485,Annotée,Gilstin
486,Pénélope,Blei
487,Stévina,Elnor
488,Maéna,Shankster
489,Andrée,Gunningham
490,Joséphine,Ledrane
491,Daphnée,Penner
492,Aurélie,Dyerson
493,Yáo,Ilyenko
494,Gaëlle,Persicke
495,Göran,Lillecrap
496,Béatrice,Duthy
497,Tú,Goady
498,Léandre,Prandy
499,Kù,Leighton
500,Eugénie,Kinder
501,Angélique,Lamb
502,Océanne,Peperell
503,Örjan,Critchell
504,Maëlle,Helwig
505,Michèle,Prendergast
506,Réservés,Thorsen
507,Maïlys,Spata
508,Eléa,Bortol
509,Gérald,McLuckie
510,Laïla,Pigne
511,Mårten,Ince
512,Michèle,Strahan
513,Sòng,Siddens
514,Geneviève,Rhodef
515,Dorothée,Lailey
516,Dorothée,Aldwich
517,Annotée,Chaffen
518,Yóu,Marusik
519,Clémence,Genney
520,Jú,Bussey
521,Maëlyss,McCarroll
522,Marie-josée,Fallens
523,Pò,Garlett
524,Mà,Canadas
525,Bérengère,Langtry
526,Mélia,Hodgins
527,Léonie,Fuzzens
528,Léandre,Kingsford
529,Géraldine,Davoren
530,Léana,Lum
531,Loïs,Burfoot
532,Märta,Stag
533,Desirée,Mattheeuw
534,Östen,Saffin
535,Gisèle,Leidl
536,Noëlla,Jeune
537,Gaïa,Juszkiewicz
538,Estée,Allso
539,Clélia,Amoore
540,Loïc,Maldin
541,Uò,Tawse
542,Vérane,Dalgarnocht
543,Håkan,Code
544,Loïc,Lynn
545,Eléa,Callan
546,Lorène,Loughhead
547,Loïca,Liddiatt
548,Görel,Veillard
549,Cécilia,Wolfendell
550,Médiamass,Rumbold
551,Maéna,Astlatt
552,Lén,Plum
553,Maïwenn,Keech
554,Méng,Beumant
555,Rachèle,Raven
556,Françoise,Murrhardt
557,Dafnée,Krzysztofiak
558,Léandre,Hamblen
559,Léonie,Lofts
560,Lorène,Toope
561,Léane,Bownde
562,Alizée,MacIlory
563,Valérie,Francisco
564,Naëlle,Cassell
565,Gérald,Feaveer
566,Michèle,Troup
567,Cléa,Deport
568,Méng,Richemont
569,Rébecca,Hainge
570,Ráo,Baniard
571,Liè,Deathridge
572,Mélodie,Elflain
573,Cinéma,Ranson
574,Athéna,Jelliman
575,Mélinda,Giamitti
576,Réjane,Josey
577,Médiamass,Simonato
578,Maïly,Metzke
579,Geneviève,M'Quhan
580,Andrée,Colaton
581,Mélinda,Puckett
582,Françoise,Demongeot
583,Vérane,Leaver
584,Félicie,Kearn
585,Méthode,Stinton
586,Andréanne,Garthside
587,Eléonore,MacCostigan
588,Aloïs,Muckart
589,Mårten,Clingoe
590,Yáo,Canto
591,Mélissandre,Pesic
592,Mélinda,Gurnee
593,Yóu,Berk
594,Marylène,Royston
595,Aloïs,Themann
596,Lóng,Nattrass
597,Pål,Carrabott
598,Renée,Leon
599,Pål,Doles
600,Irène,Winson
601,Pò,Windham
602,Bérangère,Petrichat
603,Dorothée,Pattie
604,Bénédicte,McCarver
605,Maëlyss,Opdenort
606,Personnalisée,Critch
607,Andréa,Dunstall
608,Uò,Cardenosa
609,Angèle,Galley
610,Réjane,Naulty
611,Lén,Biaggioni
612,Véronique,Ugolotti
613,Gaëlle,Copnall
614,Athéna,Manion
615,Ráo,Piburn
616,Anaëlle,Errichiello
617,Chloé,Andrusyak
618,Maïly,Emberton
619,Kù,Stoll
620,Cléa,De Biasio
621,Mélys,Grewcock
622,Jú,D'Elias
623,Françoise,Quartermaine
624,Clémentine,Chmarny
625,Håkan,Yurkiewicz
626,Dà,Cruise
627,Judicaël,Giller
628,Mélissandre,Mordaunt
629,Dù,McVity
630,Daphnée,Grishenkov
631,Vénus,Chrismas
632,Rébecca,Helliker
633,Lucrèce,Lyptrade
634,Salomé,Roulston
635,Laurène,Piwell
636,Maëlle,Mackinder
637,Personnalisée,Janecek
638,Rébecca,Morrell
639,Joséphine,Vater
640,Mélia,Skurray
641,Daphnée,Surmeyer
642,Hélèna,Giroldi
643,Amélie,Nixon
644,Léonore,Fominov
645,Naëlle,Fries
646,Mélys,Duxfield
647,Léandre,MacQuarrie
648,Eugénie,Moller
649,Aurélie,Hrynczyk
650,Pål,Degg
651,Mà,Kirman
652,Anaé,Tander
653,Loïca,Wardrope
654,Magdalène,Duckering
655,Régine,Dillicate
656,Hélèna,Wandtke
657,Maëlann,Powton
658,Garçon,Salkeld
659,Hélène,Hobden
660,Océanne,Summerlad
661,Personnalisée,Iredale
662,Gösta,Vazquez
663,Marylène,Withers
664,Amélie,Faint
665,Nuó,Willcox
666,Méng,Yeowell
667,Léonie,Penni
668,Josée,Gonzalvo
669,Aloïs,Clethro
670,Sélène,Klimczak
671,Personnalisée,Courcey
672,Angèle,Hardaway
673,Océanne,Allans
674,Célia,Girardoni
675,Mélys,Leteurtre
676,Mà,Rudderham
677,Cléa,Coop
678,Dà,Pantecost
679,Régine,Kingzet
680,Maïlys,Tregian
681,Gaétane,Lovstrom
682,Laurélie,Asals
683,Gwenaëlle,Cecchi
684,Valérie,Carous
685,Mélia,Farres
686,Céline,McCrorie
687,Kù,Farriar
688,Pò,O'Dogherty
689,Danièle,Tinham
690,Aí,Murrigans
691,Yénora,Pinch
692,Réjane,Kuban
693,Pò,Adolthine
694,Audréanne,Kittoe
695,Lyséa,Benzies
696,Clémence,Pawellek
697,Pélagie,Wisniowski
698,Lorène,Govini
699,Eléa,Fiveash
700,Maïwenn,Benbough
701,Estée,Goodram
702,Maëline,Fosken
703,Anaïs,Causer
704,Cécilia,Spurling
705,Léonore,Morffew
706,Gösta,Alman
707,Françoise,Devereu
708,Vénus,Boniface
709,Léa,Simek
710,Yú,Kloser
711,Maëline,Ridesdale
712,Andrée,Toping
713,Åsa,Male
714,Maëlla,Hallam
715,Mylène,Hawson
716,Clémence,MacConnulty
717,Dorothée,Zoephel
718,Lài,Kneale
719,Sélène,MacGovern
720,Publicité,Muffin
721,Adélaïde,Climance
722,Océanne,Harome
723,Maïwenn,Assad
724,Yè,McComas
725,Göran,Dymock
726,Angélique,Balden
727,Lorène,Gerdts
728,Josée,Pennrington
729,Aí,Sore
730,Andrée,Ramard
731,Lucrèce,Lainge
732,Anaël,Everly
733,Yè,Wheelhouse
734,Eugénie,Paszek
735,Maïly,Redhead
736,Cécile,Guillotin
737,Chloé,Sammon
738,Wá,Calendar
739,Simplifiés,O'Feeny
740,Loïca,Holley
741,Daphnée,Raven
742,Uò,MacRonald
743,Dù,Meedendorpe
744,Ruò,Reast
745,Dorothée,Galiford
746,Laurélie,Nolton
747,Tú,Darwin
748,Adélie,Kunrad
749,Erwéi,Snelson
750,Pò,Heliet
751,Béatrice,Baston
752,Cloé,McKyrrelly
753,Mylène,Vynall
754,Judicaël,Scutter
755,Renée,McCaughren
756,Amélie,Avrahamy
757,Josée,Signorelli
758,Rébecca,Hosburn
759,Maëlle,Bockett
760,Åslög,Worner
761,Réservés,Gabitis
762,Célia,Farthin
763,Yú,Pedracci
764,Andrée,Camfield
765,Amélie,Tremellier
766,Mélodie,Treverton
767,Styrbjörn,Galero
768,Lucrèce,Rippen
769,Almérinda,Berringer
770,Gisèle,Gilkes
771,André,FitzGeorge
772,Clémentine,Garrals
773,Léonie,Schimoni
774,Léone,Quare
775,Mén,Mandeville
776,Lài,Downey
777,Marie-françoise,Wrassell
778,Edmée,Christou
779,Léandre,Woltman
780,Léonore,Bonde
781,Östen,Brader
782,Gérald,Morais
783,Amélie,Schermick
784,Intéressant,Beecheno
785,Mén,Hanscombe
786,Gwenaëlle,Ziemke
787,Mélanie,Pauer
788,Marie-françoise,Renihan
789,Renée,Merryfield
790,Mélys,Rochewell
791,Andréa,Balls
792,Personnalisée,Winship
793,Táng,Jeste
794,Véronique,Jenk
795,Yóu,Rhodus
796,Håkan,Vecard
797,Lorène,Grills
798,Lèi,McTrustie
799,Irène,Pechacek
800,Åke,Broxholme
801,Médiamass,Naldrett
802,Åsa,Illidge
803,Méline,Phizaclea
804,Audréanne,O' Timony
805,Cunégonde,De La Cote
806,Aí,Awdry
807,Dù,Simnel
808,Eloïse,Burgher
809,Tú,Durdy
810,Audréanne,Tooley
811,Marlène,Fried
812,Valérie,Attoc
813,Séverine,Dering
814,Laurène,Ilieve
815,Wá,Sergent
816,Lauréna,Fitt
817,Maéna,Abela
818,Maïlis,Barge
819,Pénélope,Cavalier
820,Geneviève,Trollope
821,Daphnée,Halksworth
822,Maëly,Bolletti
823,Östen,Heinssen
824,Yáo,Plose
825,Fèi,Nolan
826,Béatrice,Nelligan
827,Bérangère,Coultas
828,Maëlle,Ewens
829,Loïc,Jorgesen
830,Edmée,Collie
831,Gérald,Baiyle
832,Eléonore,Sellack
833,Eléa,Fazzioli
834,Maëlys,O'Donegan
835,Maëline,Chedzoy
836,Naéva,Helleckas
837,Léonie,Pagon
838,Léa,Tolan
839,Andréa,Undy
840,Léandre,Beagles
841,Méthode,Fort
842,Adélie,Pinniger
843,Börje,Skett
844,Sélène,Beekman
845,Océane,Sheahan
846,Géraldine,MacCahee
847,Mén,Spatarul
848,Adèle,Gambie
849,Danièle,Renfrew
850,Léonie,Gussin
851,Yóu,Measures
852,Yóu,Nind
853,Wá,McMeekan
854,Cécile,Spendley
855,Görel,Meeson
856,Josée,Hehnke
857,Cécilia,Tindle
858,Adélie,Fathers
859,Börje,Balshen
860,Åslög,Dorton
861,Táng,Dinning
862,Marie-josée,Peyton
863,Noëlla,Drewell
864,Jú,Izzat
865,Sélène,Jillings
866,Lóng,Keir
867,Maïlys,MacClenan
868,Ophélie,Loche
869,Maïlys,Scroxton
870,Méng,Maffiotti
871,Léonie,Deniskevich
872,Kù,Cato
873,Estève,Boddice
874,Irène,Nutten
875,Cléa,Dolphin
876,Geneviève,Wrightson
877,Yè,D'Souza
878,Yáo,Molyneux
879,Méryl,Oldis
880,Sòng,Dewis
881,Stévina,Shee
882,Athéna,Halegarth
883,Måns,Rosendorf
884,Görel,Dunsmuir
885,Méryl,Skarman
886,Audréanne,Covotto
887,Salomé,Cluett
888,Pélagie,Broadbury
889,Danièle,Isaak
890,Styrbjörn,Faireclough
891,Adèle,Aldersley
892,Simplifiés,Palmar
893,Hélène,Crittal
894,Åslög,Clacey
895,Clélia,Gogerty
896,Noëlla,Goodlatt
897,Lyséa,Merigon
898,Aloïs,Jorck
899,Mélanie,Danilovic
900,Magdalène,Bech
901,Maëlys,Acott
902,Félicie,Van der Beek
903,Aloïs,Christofe
904,Lauréna,Steljes
905,Maï,Ablewhite
906,Mélys,Twelve
907,Anaïs,Draper
908,Jú,Chanders
909,Marie-josée,Ost
910,Bérénice,Lascell
911,Yáo,Severn
912,Cécilia,Currum
913,Wá,Lait
914,Maï,Towson
915,Åsa,Berndtssen
916,Mélissandre,Crum
917,Mårten,Fettis
918,Cléopatre,Tawse
919,Mårten,Philipot
920,Léone,Delany
921,Marie-noël,Oakeshott
922,Réservés,Kincade
923,Åsa,Kretchmer
924,Ophélie,Timmons
925,Bérangère,Cree
926,Måns,Yourell
927,Eléonore,Pencott
928,Loïc,Weth
929,Desirée,Munroe
930,Garçon,Slemmonds
931,Håkan,Bewick
932,Ophélie,Girardeau
933,Bérénice,Winson
934,Daphnée,Lacer
935,Nuó,De Mitris
936,Sélène,Baudassi
937,Léone,Southway
938,Agnès,Patise
939,Simplifiés,Boggers
940,Méng,MacGiany
941,Ruò,Larmouth
942,Lèi,Wayland
943,Bécassine,Ivchenko
944,Cunégonde,Loudwell
945,Lén,Cicchinelli
946,Naéva,Andrus
947,Eléa,Bartolic
948,Renée,Stood
949,Pélagie,Jatczak
950,Béatrice,Mendel
951,Hélèna,Levay
952,Maëlys,Grigoriscu
953,Lèi,Childs
954,Josée,Littlechild
955,Eugénie,Emmert
956,Géraldine,Keeves
957,Noémie,O'Murtagh
958,Erwéi,Canet
959,Dorothée,Cosin
960,Gérald,Hustler
961,Naéva,Sandell
962,Adélie,Tringham
963,Lucrèce,Eglise
964,Kévina,Stamper
965,Naéva,Hedley
966,Bénédicte,Brixham
967,Séréna,Ridsdole
968,Mylène,Strainge
969,Mélia,Mallam
970,Geneviève,Barck
971,Marlène,Matcham
972,Lyséa,Welbourn
973,Marie-françoise,Merrgen
974,Marlène,Kettell
975,Östen,Skettles
976,Loïs,Genner
977,Méline,Feaveryear
978,Réjane,Benge
979,Amélie,Briant
980,Méng,McAreavey
981,Mylène,Shorrock
982,Cinéma,Langeren
983,Léana,Champney
984,Mélia,Beevers
985,Görel,Braundt
986,Loïs,Blenkharn
987,Naéva,Dymond
988,Maëly,Pitrasso
989,Maïlis,Dongall
990,Gisèle,Revill
991,Séréna,Tixier
992,Gisèle,Studart
993,Yáo,Pea
994,Erwéi,Prandoni
995,Mélanie,Rentz
996,Erwéi,Salmoni
997,Loïs,Hearsey
998,Gisèle,Gadie
999,Mélina,Benka
1000,Angèle,Perren
