OrderID,OrderType,Adress,TotalAmount,DeliveryTime,GuestNote,RestaurantID,GuestID
1,Nije dostava,78755 Cordelia Road,46.66,2024-06-11,Curabitur at ipsum ac tellus semper interdum.,358,402
2,Nije dostava,933 Springs Park,11.28,2024-08-28,Mauris sit amet eros.,404,147
3,Nije dostava,7631 Ohio Lane,109.81,2024-06-30,In quis justo.,472,421
4,Dostava,74500 Oxford Way,101.35,2024-05-26,Ut at dolor quis odio consequat varius. Integer ac leo.,74,440
5,Dostava,18244 Eagan Place,53.73,2024-07-02,"",94,308
6,Dostava,890 Tomscot Plaza,23.96,2024-03-10,Vivamus in felis eu sapien cursus vestibulum.,201,187
7,Dostava,74 International Terrace,137.19,2024-06-19,In quis justo. Maecenas rhoncus aliquam lacus.,157,469
8,Dostava,4 Carey Street,108.33,2023-12-18,"",227,318
9,Nije dostava,5 Burning Wood Road,83.61,2024-10-31,Sed ante. Vivamus tortor.,53,103
10,Nije dostava,27961 Di Loreto Park,10.34,2024-05-07,"Lorem ipsum dolor sit amet, consectetuer adipiscing elit. Proin interdum mauris non ligula pellentesque ultrices.",295,237
11,Nije dostava,16 Menomonie Pass,61.02,2024-06-15,Nulla tempus.,130,486
12,Dostava,20 Gerald Terrace,143.83,2024-11-26,Proin at turpis a pede posuere nonummy.,51,414
13,Dostava,9 Cardinal Pass,102.17,2024-10-22,Nulla suscipit ligula in lacus.,68,280
14,Dostava,65 Arrowood Park,93.55,2024-08-21,Aliquam non mauris.,272,415
15,Dostava,57073 Golden Leaf Circle,100.24,2023-12-22,Nullam varius.,348,325
16,Nije dostava,01670 Del Sol Plaza,109.69,2024-08-05,"",236,19
17,Nije dostava,38273 Truax Avenue,60.8,2024-11-09,Cras in purus eu magna vulputate luctus.,420,89
18,Dostava,50911 Superior Drive,98.33,2024-01-09,"",347,347
19,Nije dostava,8 Blue Bill Park Pass,77.86,2024-11-17,"",436,160
20,Dostava,01006 Messerschmidt Hill,123.13,2024-04-22,"Cras mi pede, malesuada in, imperdiet et, commodo vulputate, justo.",247,222
21,Dostava,82222 Blaine Place,110.45,2024-04-20,"Cum sociis natoque penatibus et magnis dis parturient montes, nascetur ridiculus mus.",55,91
22,Dostava,3882 Ridge Oak Parkway,50.18,2024-05-09,Nunc purus. Phasellus in felis.,117,256
23,Nije dostava,24 Hintze Lane,15.07,2024-07-26,Praesent id massa id nisl venenatis lacinia. Aenean sit amet justo.,242,176
24,Dostava,985 Coleman Plaza,40.08,2024-10-09,"",467,161
25,Dostava,44 Charing Cross Junction,139.84,2024-06-14,"Cum sociis natoque penatibus et magnis dis parturient montes, nascetur ridiculus mus.",289,277
26,Nije dostava,818 Blackbird Junction,125.5,2024-09-29,Vestibulum ante ipsum primis in faucibus orci luctus et ultrices posuere cubilia Curae; Duis faucibus accumsan odio.,195,54
27,Dostava,7232 Mesta Avenue,49.74,2024-09-21,"",329,100
28,Nije dostava,5091 Starling Point,149.09,2024-06-08,"",265,348
29,Nije dostava,35 Green Pass,40.92,2024-03-30,"",111,371
30,Dostava,19053 Onsgard Parkway,29.5,2024-05-10,Vivamus vestibulum sagittis sapien.,32,227
31,Nije dostava,5 Blackbird Way,76.07,2024-05-29,"Cras pellentesque volutpat dui. Maecenas tristique, est et tempus semper, est quam pharetra magna, ac consequat metus sapien ut nunc.",184,153
32,Nije dostava,99 Spohn Place,101.91,2024-07-03,Nulla tempus. Vivamus in felis eu sapien cursus vestibulum.,262,363
33,Nije dostava,50750 Elgar Terrace,24.0,2024-01-29,"Nulla neque libero, convallis eget, eleifend luctus, ultricies eu, nibh.",165,461
34,Dostava,22469 Sommers Hill,129.87,2024-05-03,Nullam sit amet turpis elementum ligula vehicula consequat.,67,286
35,Dostava,88881 Iowa Road,10.07,2024-06-20,"",240,481
36,Dostava,1673 Petterle Alley,83.27,2024-09-15,Nam dui.,326,349
37,Dostava,082 Hazelcrest Lane,50.02,2024-08-11,"Quisque porta volutpat erat. Quisque erat eros, viverra eget, congue eget, semper rutrum, nulla.",228,25
38,Dostava,24815 Sugar Junction,15.15,2024-11-14,"Morbi ut odio. Cras mi pede, malesuada in, imperdiet et, commodo vulputate, justo.",476,302
39,Nije dostava,76162 Nevada Court,63.15,2024-05-22,"",18,392
40,Nije dostava,36607 Elmside Circle,10.15,2024-07-13,Aenean sit amet justo. Morbi ut odio.,440,252
41,Nije dostava,1579 Swallow Crossing,30.79,2024-01-22,"Nulla ac enim. In tempor, turpis nec euismod scelerisque, quam turpis adipiscing lorem, vitae mattis nibh ligula nec sem.",143,258
42,Nije dostava,3047 Lakewood Road,91.98,2024-06-21,"",462,346
43,Dostava,8 Sundown Plaza,71.98,2024-09-18,Nulla tellus.,284,129
44,Nije dostava,759 Oneill Road,112.44,2024-07-01,"",77,413
45,Dostava,5 Birchwood Avenue,13.58,2024-03-12,Duis at velit eu est congue elementum.,39,139
46,Dostava,8 Dixon Place,55.56,2024-04-10,"",356,495
47,Dostava,17 Eggendart Lane,121.96,2024-11-03,"",365,47
48,Nije dostava,0 Rowland Place,147.64,2024-07-23,"",217,316
49,Nije dostava,32 Kim Plaza,48.79,2024-03-19,"Aliquam augue quam, sollicitudin vitae, consectetuer eget, rutrum at, lorem. Integer tincidunt ante vel ipsum.",477,206
50,Dostava,57317 Elgar Hill,54.69,2024-07-28,In quis justo. Maecenas rhoncus aliquam lacus.,376,115
51,Dostava,88785 Delladonna Road,92.78,2024-11-19,Suspendisse potenti. In eleifend quam a odio.,115,158
52,Dostava,7252 Kensington Lane,84.73,2024-05-26,"",270,69
53,Dostava,8911 Arkansas Center,112.7,2024-02-21,"",478,170
54,Dostava,36801 Meadow Ridge Court,15.4,2024-06-04,"",103,436
55,Nije dostava,57092 Union Drive,144.07,2024-08-20,Donec ut dolor.,363,188
56,Dostava,943 Northfield Plaza,125.68,2023-12-06,Mauris lacinia sapien quis libero. Nullam sit amet turpis elementum ligula vehicula consequat.,369,224
57,Nije dostava,76 Dottie Parkway,55.87,2024-02-19,Nullam molestie nibh in lectus. Pellentesque at nulla.,366,389
58,Dostava,20 Summerview Parkway,16.23,2024-06-23,Proin at turpis a pede posuere nonummy. Integer non velit.,197,493
59,Dostava,38416 Muir Drive,141.98,2023-12-13,"",162,195
60,Nije dostava,49522 Independence Drive,129.63,2023-12-20,Nulla justo. Aliquam quis turpis eget elit sodales scelerisque.,385,49
61,Nije dostava,81046 Forest Dale Trail,86.52,2024-11-05,Cras pellentesque volutpat dui.,28,370
62,Dostava,289 Mandrake Road,98.14,2024-02-29,"",294,213
63,Nije dostava,38854 Holmberg Avenue,5.25,2024-02-26,"",253,289
64,Nije dostava,1 Porter Point,64.56,2024-11-30,Praesent lectus.,343,386
65,Dostava,349 Hansons Parkway,47.47,2024-03-05,"Morbi ut odio. Cras mi pede, malesuada in, imperdiet et, commodo vulputate, justo.",35,283
66,Dostava,8303 Clarendon Street,104.64,2024-02-21,In congue.,22,220
67,Dostava,89817 Parkside Lane,100.93,2024-09-17,In eleifend quam a odio.,72,30
68,Dostava,05 Kinsman Trail,140.96,2024-11-15,Ut tellus.,275,120
69,Nije dostava,2 Kedzie Terrace,46.44,2024-09-28,Integer ac neque. Duis bibendum.,273,5
70,Nije dostava,4 Basil Lane,142.4,2024-08-01,"Cum sociis natoque penatibus et magnis dis parturient montes, nascetur ridiculus mus.",330,422
71,Dostava,27183 Village Green Alley,123.05,2024-04-07,In sagittis dui vel nisl.,132,23
72,Nije dostava,79097 Fair Oaks Junction,26.27,2024-04-18,"",433,399
73,Dostava,8 Carpenter Place,108.88,2024-07-20,"Proin leo odio, porttitor id, consequat in, consequat ut, nulla. Sed accumsan felis.",314,383
74,Nije dostava,5 Harbort Circle,12.12,2024-06-27,"Fusce congue, diam id ornare imperdiet, sapien urna pretium nisl, ut volutpat sapien arcu sed augue.",246,340
75,Dostava,1 Stephen Plaza,67.59,2024-09-19,Donec dapibus.,492,183
76,Nije dostava,1954 Coleman Way,18.37,2024-05-13,"",498,167
77,Nije dostava,42977 Ruskin Parkway,19.97,2024-03-21,"",362,304
78,Dostava,470 Mcguire Center,133.01,2023-12-30,Phasellus sit amet erat. Nulla tempus.,308,216
79,Nije dostava,4 Nova Street,51.11,2024-10-27,Praesent lectus.,339,454
80,Dostava,7 Del Mar Center,115.69,2024-08-11,"",319,73
81,Nije dostava,376 Valley Edge Terrace,44.21,2024-09-13,Duis aliquam convallis nunc. Proin at turpis a pede posuere nonummy.,315,121
82,Nije dostava,946 Schmedeman Trail,121.87,2023-12-09,"Fusce posuere felis sed lacus. Morbi sem mauris, laoreet ut, rhoncus aliquet, pulvinar sed, nisl.",415,279
83,Dostava,30297 Oakridge Park,5.2,2024-01-19,"",149,141
84,Nije dostava,47 Lillian Plaza,112.48,2024-01-12,"",241,214
85,Nije dostava,25517 Fremont Park,62.64,2024-09-01,"",279,231
86,Dostava,651 Gale Lane,115.16,2024-01-18,Curabitur convallis.,243,315
87,Dostava,34098 Toban Avenue,108.22,2024-02-22,In hac habitasse platea dictumst.,119,407
88,Dostava,92 Clemons Drive,92.6,2024-02-28,Aenean auctor gravida sem.,141,15
89,Dostava,9 Rusk Point,115.05,2024-05-08,Nulla nisl.,257,179
90,Nije dostava,19 Harper Avenue,7.98,2024-09-14,Nunc purus. Phasellus in felis.,92,384
91,Dostava,33 Bluestem Court,69.47,2024-02-20,Integer a nibh. In quis justo.,443,333
92,Dostava,5 Karstens Court,23.46,2024-02-18,Duis at velit eu est congue elementum. In hac habitasse platea dictumst.,198,66
93,Nije dostava,64 Sage Center,83.42,2024-08-18,Morbi ut odio.,95,39
94,Nije dostava,6 Scott Trail,122.11,2024-06-18,Curabitur in libero ut massa volutpat convallis.,54,359
95,Dostava,6017 Shopko Drive,98.63,2024-04-16,"",93,230
96,Nije dostava,351 Surrey Avenue,141.13,2024-01-14,Maecenas ut massa quis augue luctus tincidunt. Nulla mollis molestie lorem.,154,291
97,Nije dostava,93 Carioca Street,132.86,2024-05-17,"",37,18
98,Dostava,1 Tennessee Trail,134.48,2024-02-01,"",213,26
99,Dostava,75592 Harbort Point,97.09,2024-07-22,Proin risus. Praesent lectus.,60,81
100,Nije dostava,4087 Hallows Alley,87.88,2024-10-24,In hac habitasse platea dictumst. Maecenas ut massa quis augue luctus tincidunt.,23,352
101,Dostava,436 Nancy Lane,120.13,2024-04-12,Suspendisse ornare consequat lectus.,463,381
102,Nije dostava,486 Kropf Plaza,52.36,2024-04-30,Mauris ullamcorper purus sit amet nulla.,42,70
103,Dostava,2104 Monterey Crossing,65.69,2024-01-28,"",237,412
104,Nije dostava,685 Crownhardt Hill,118.08,2024-10-10,Suspendisse ornare consequat lectus.,297,327
105,Nije dostava,15 Roxbury Parkway,48.85,2024-10-21,"",238,208
106,Nije dostava,23343 Leroy Avenue,8.3,2024-10-22,Duis aliquam convallis nunc. Proin at turpis a pede posuere nonummy.,202,471
107,Nije dostava,43620 Cody Point,36.68,2024-03-18,"Maecenas leo odio, condimentum id, luctus nec, molestie sed, justo.",169,13
108,Nije dostava,737 Loomis Circle,105.1,2024-08-29,"Lorem ipsum dolor sit amet, consectetuer adipiscing elit. Proin risus.",89,441
109,Nije dostava,918 Carpenter Street,5.79,2024-11-06,"",136,130
110,Dostava,5111 Melby Parkway,109.31,2023-12-26,"",396,239
111,Dostava,305 Dawn Plaza,6.8,2024-11-09,"",52,341
112,Dostava,0268 4th Trail,21.78,2023-12-24,"Vestibulum ante ipsum primis in faucibus orci luctus et ultrices posuere cubilia Curae; Donec pharetra, magna vestibulum aliquet ultrices, erat tortor sollicitudin mi, sit amet lobortis sapien sapien non mi. Integer ac neque.",286,434
113,Dostava,284 Prairie Rose Way,46.11,2024-09-05,Integer a nibh. In quis justo.,226,50
114,Nije dostava,1 Caliangt Crossing,17.57,2024-05-03,"",134,225
115,Dostava,612 Mccormick Plaza,70.53,2024-01-30,Maecenas ut massa quis augue luctus tincidunt. Nulla mollis molestie lorem.,205,71
116,Nije dostava,4579 Golden Leaf Lane,18.41,2024-03-26,"Quisque arcu libero, rutrum ac, lobortis vel, dapibus at, diam. Nam tristique tortor eu pede.",75,470
117,Nije dostava,3459 Judy Alley,79.26,2024-07-07,"Duis bibendum, felis sed interdum venenatis, turpis enim blandit mi, in porttitor pede justo eu massa. Donec dapibus.",116,264
118,Nije dostava,404 Drewry Parkway,95.35,2024-05-28,"Quisque arcu libero, rutrum ac, lobortis vel, dapibus at, diam.",416,10
119,Nije dostava,9548 Green Hill,64.54,2024-10-12,"",153,169
120,Nije dostava,989 Jenifer Place,101.69,2024-07-18,Suspendisse potenti.,451,219
121,Nije dostava,6013 Grim Trail,139.68,2024-07-23,"",107,310
122,Nije dostava,0 Granby Terrace,11.3,2024-10-10,Morbi non quam nec dui luctus rutrum.,264,483
123,Nije dostava,67 Maryland Way,10.83,2024-03-04,"Fusce posuere felis sed lacus. Morbi sem mauris, laoreet ut, rhoncus aliquet, pulvinar sed, nisl.",122,365
124,Dostava,2 Mandrake Junction,15.33,2023-12-28,"",357,387
125,Dostava,49 Nobel Way,50.0,2024-05-02,Integer tincidunt ante vel ipsum. Praesent blandit lacinia erat.,305,22
126,Nije dostava,935 Sachtjen Park,33.04,2024-05-24,Etiam faucibus cursus urna. Ut tellus.,231,259
127,Dostava,85659 Wayridge Place,19.81,2024-02-09,Etiam vel augue. Vestibulum rutrum rutrum neque.,334,263
128,Nije dostava,7 Kennedy Avenue,25.73,2024-07-23,"Fusce congue, diam id ornare imperdiet, sapien urna pretium nisl, ut volutpat sapien arcu sed augue. Aliquam erat volutpat.",16,135
129,Nije dostava,2558 Randy Center,125.96,2024-03-21,Fusce consequat.,483,453
130,Dostava,8 Comanche Center,23.46,2024-10-27,"",17,87
131,Nije dostava,43879 Corry Parkway,32.29,2024-02-14,"",159,417
132,Nije dostava,33 Killdeer Road,129.41,2024-08-16,Nullam sit amet turpis elementum ligula vehicula consequat. Morbi a ipsum.,405,132
133,Nije dostava,4 Milwaukee Trail,94.53,2024-11-28,"",129,148
134,Nije dostava,47779 Packers Lane,41.87,2024-02-09,"",163,290
135,Dostava,5 Novick Circle,64.2,2024-09-30,"",453,136
136,Nije dostava,41 Center Street,12.86,2024-02-24,"",277,482
137,Dostava,3 Stephen Terrace,46.55,2024-06-01,"Lorem ipsum dolor sit amet, consectetuer adipiscing elit. Proin risus. Praesent lectus. Vestibulum quam sapien, varius ut, blandit non, interdum in, ante. Vestibulum ante ipsum primis in faucibus orci luctus et ultrices posuere cubilia Curae; Duis faucibus accumsan odio. Curabitur convallis. Duis consequat dui nec nisi volutpat eleifend. Donec ut dolor. Morbi vel lectus in quam fringilla rhoncus. Mauris enim leo, rhoncus sed, vestibulum sit amet, cursus id, turpis. Integer aliquet, massa id lobortis convallis, tortor risus dapibus augue, vel accumsan tellus nisi eu orci. Mauris lacinia sapien quis libero. Nullam sit amet turpis elementum ligula vehicula consequat. Morbi a ipsum. Integer a nibh. In quis justo. Maecenas rhoncus aliquam lacus. Morbi quis tortor id nulla ultrices aliquet. Maecenas leo odio, condimentum id, luctus nec, molestie sed, justo. Pellentesque viverra pede ac diam. Cras pellentesque volutpat dui. Maecenas tristique, est et tempus semper, est quam pharetra magna, ac consequat metus sapien ut nunc. Vestibulum ante ipsum primis in faucibus orci luctus et ultrices posuere cubilia Curae; Mauris viverra diam vitae quam. Suspendisse potenti. Nullam porttitor lacus at turpis. Donec posuere metus vitae ipsum. Aliquam non mauris. Morbi non lectus. Aliquam sit amet diam in magna bibendum imperdiet. Nullam orci pede, venenatis non, sodales sed, tincidunt eu, felis. Fusce posuere felis sed lacus. Morbi sem mauris, laoreet ut, rhoncus aliquet, pulvinar sed, nisl. Nunc rhoncus dui vel sem. Sed sagittis. Nam congue, risus semper porta volutpat, quam pede lobortis ligula, sit amet eleifend pede libero quis orci. Nullam molestie nibh in lectus. Pellentesque at nulla. Suspendisse potenti. Cras in purus eu magna vulputate luctus. Cum sociis natoque penatibus et magnis dis parturient montes, nascetur ridiculus mus. Vivamus vestibulum sagittis sapien. Cum sociis natoque penatibus et magnis dis parturient montes, nascetur ridiculus mus. Etiam vel augue. Vestibulum rutrum rutrum neque. Aenean auctor gravida sem. Praesent id massa id nisl venenatis lacinia. Aenean sit amet justo. Morbi ut odio. Cras mi pede, malesuada in, imperdiet et, commodo vulputate, justo. In blandit ultrices enim. Lorem ipsum dolor sit amet, consectetuer adipiscing elit. Proin interdum mauris non ligula pellentesque ultrices. Phasellus id sapien in sapien iaculis congue. Vivamus metus arcu, adipiscing molestie, hendrerit at, vulputate vitae, nisl. Aenean lectus. Pellentesque eget nunc. Donec quis orci eget orci vehicula condimentum. Curabitur in libero ut massa volutpat convallis. Morbi odio odio, elementum eu, interdum eu, tincidunt in, leo. Maecenas pulvinar lobortis est. Phasellus sit amet erat. Nulla tempus. Vivamus in felis eu sapien cursus vestibulum. Proin eu mi. Nulla ac enim. In tempor, turpis nec euismod scelerisque, quam turpis adipiscing lorem, vitae mattis nibh ligula nec sem. Duis aliquam convallis nunc. Proin at turpis a pede posuere nonummy. Integer non velit. Donec diam neque, vestibulum eget, vulputate ut, ultrices vel, augue. Vestibulum ante ipsum primis in faucibus orci luctus et ultrices posuere cubilia Curae; Donec pharetra, magna vestibulum aliquet ultrices, erat tortor sollicitudin mi, sit amet lobortis sapien sapien non mi. Integer ac neque. Duis bibendum. Morbi non quam nec dui luctus rutrum. Nulla tellus. In sagittis dui vel nisl. Duis ac nibh. Fusce lacus purus, aliquet at, feugiat non, pretium quis, lectus. Suspendisse potenti. In eleifend quam a odio. In hac habitasse platea dictumst. Maecenas ut massa quis augue luctus tincidunt. Nulla mollis molestie lorem. Quisque ut erat. Curabitur gravida nisi at nibh. In hac habitasse platea dictumst. Aliquam augue quam, sollicitudin vitae, consectetuer eget, rutrum at, lorem. Integer tincidunt ante vel ipsum. Praesent blandit lacinia erat. Vestibulum sed magna at nunc commodo placerat. Praesent blandit. Nam nulla. Integer pede justo, lacinia eget, tincidunt eget, tempus vel, pede. Morbi porttitor lorem id ligula. Suspendisse ornare consequat lectus. In est risus, auctor sed, tristique in, tempus sit amet, sem. Fusce consequat. Nulla nisl. Nunc nisl. Duis bibendum, felis sed interdum venenatis, turpis enim blandit mi, in porttitor pede justo eu massa. Donec dapibus. Duis at velit eu est congue elementum. In hac habitasse platea dictumst. Morbi vestibulum, velit id pretium iaculis, diam erat fermentum justo, nec condimentum neque sapien placerat ante. Nulla justo. Aliquam quis turpis eget elit sodales scelerisque. Mauris sit amet eros. Suspendisse accumsan tortor quis turpis. Sed ante. Vivamus tortor. Duis mattis egestas metus. Aenean fermentum. Donec ut mauris eget massa tempor convallis. Nulla neque libero, convallis eget, eleifend luctus, ultricies eu, nibh. Quisque id justo sit amet sapien dignissim vestibulum. Vestibulum ante ipsum primis in faucibus orci luctus et ultrices posuere cubilia Curae; Nulla dapibus dolor vel est. Donec odio justo, sollicitudin ut, suscipit a, feugiat et, eros. Vestibulum ac est lacinia nisi venenatis tristique. Fusce congue, diam id ornare imperdiet, sapien urna pretium nisl, ut volutpat sapien arcu sed augue. Aliquam erat volutpat. In congue. Etiam justo. Etiam pretium iaculis justo. In hac habitasse platea dictumst. Etiam faucibus cursus urna. Ut tellus. Nulla ut erat id mauris vulputate elementum. Nullam varius. Nulla facilisi. Cras non velit nec nisi vulputate nonummy. Maecenas tincidunt lacus at velit. Vivamus vel nulla eget eros elementum pellentesque. Quisque porta volutpat erat. Quisque erat eros, viverra eget, congue eget, semper rutrum, nulla. Nunc purus. Phasellus in felis. Donec semper sapien a libero. Nam dui. Proin leo odio, porttitor id, consequat in, consequat ut, nulla. Sed accumsan felis. Ut at dolor quis odio consequat varius. Integer ac leo. Pellentesque ultrices mattis odio. Donec vitae nisi. Nam ultrices, libero non mattis pulvinar, nulla pede ullamcorper augue, a suscipit nulla elit ac nulla. Sed vel enim sit amet nunc viverra dapibus. Nulla suscipit ligula in lacus. Curabitur at ipsum ac tellus semper interdum. Mauris ullamcorper purus sit amet nulla. Quisque arcu libero, rutrum ac, lobortis vel, dapibus at, diam. Nam tristique tortor eu pede.",445,390
138,Nije dostava,0 Hazelcrest Road,66.8,2024-07-11,Nulla suscipit ligula in lacus.,90,133
139,Dostava,947 Sauthoff Parkway,144.37,2024-07-01,"Aliquam augue quam, sollicitudin vitae, consectetuer eget, rutrum at, lorem. Integer tincidunt ante vel ipsum.",139,119
140,Nije dostava,83415 Morrow Avenue,65.7,2024-04-02,"",208,397
141,Nije dostava,8672 Cambridge Pass,99.99,2024-07-02,Suspendisse accumsan tortor quis turpis. Sed ante.,84,409
142,Nije dostava,0284 Killdeer Place,26.15,2024-10-20,Donec dapibus. Duis at velit eu est congue elementum.,387,429
143,Nije dostava,5 Merchant Crossing,118.48,2024-06-20,Aliquam sit amet diam in magna bibendum imperdiet.,147,260
144,Dostava,382 Badeau Crossing,33.88,2024-11-11,"In est risus, auctor sed, tristique in, tempus sit amet, sem.",486,68
145,Nije dostava,067 Haas Street,114.81,2024-05-26,Suspendisse potenti.,290,184
146,Nije dostava,9 Mccormick Way,79.14,2024-01-20,"",430,192
147,Nije dostava,09 Swallow Junction,135.77,2024-04-02,"",389,288
148,Nije dostava,9 Autumn Leaf Court,36.05,2024-10-16,Suspendisse potenti.,250,56
149,Dostava,9 Swallow Hill,127.87,2024-01-22,Vivamus tortor.,470,374
150,Dostava,67433 Crescent Oaks Circle,144.77,2024-01-29,"Aliquam augue quam, sollicitudin vitae, consectetuer eget, rutrum at, lorem.",124,398
151,Dostava,5 Dexter Street,77.41,2024-07-25,"",192,41
152,Dostava,9675 Mallard Parkway,13.12,2024-04-24,"Nullam orci pede, venenatis non, sodales sed, tincidunt eu, felis.",9,406
153,Nije dostava,84401 Daystar Drive,126.3,2024-06-11,"Proin leo odio, porttitor id, consequat in, consequat ut, nulla.",484,292
154,Dostava,11 Forster Circle,53.65,2024-07-29,Morbi a ipsum. Integer a nibh.,468,31
155,Nije dostava,04 Continental Center,148.34,2024-11-10,"Mauris enim leo, rhoncus sed, vestibulum sit amet, cursus id, turpis.",454,487
156,Dostava,3 Luster Alley,144.01,2024-07-25,"Suspendisse ornare consequat lectus. In est risus, auctor sed, tristique in, tempus sit amet, sem.",395,474
157,Nije dostava,265 Eliot Trail,63.38,2024-07-02,Donec quis orci eget orci vehicula condimentum.,172,197
158,Nije dostava,819 Waywood Drive,105.8,2024-05-02,"",145,199
159,Nije dostava,1458 Iowa Alley,67.85,2024-07-19,Phasellus sit amet erat. Nulla tempus.,82,362
160,Nije dostava,9 Scott Avenue,123.54,2024-02-15,Sed ante.,62,445
161,Nije dostava,8521 Eastwood Court,142.07,2024-10-01,"",158,24
162,Dostava,41701 Lunder Parkway,116.35,2024-02-18,Quisque ut erat. Curabitur gravida nisi at nibh.,351,430
163,Nije dostava,95 Springview Pass,20.29,2024-03-25,Vestibulum ac est lacinia nisi venenatis tristique.,336,299
164,Dostava,351 Farmco Parkway,148.04,2024-08-17,Praesent blandit lacinia erat. Vestibulum sed magna at nunc commodo placerat.,384,33
165,Dostava,822 Gale Park,28.89,2024-04-16,"Maecenas tristique, est et tempus semper, est quam pharetra magna, ac consequat metus sapien ut nunc.",375,240
166,Nije dostava,074 Maple Wood Alley,106.28,2024-09-17,"",151,468
167,Dostava,1501 Glacier Hill Terrace,83.42,2024-05-06,"",431,177
168,Dostava,3 Packers Hill,13.88,2024-03-25,"",78,128
169,Dostava,415 Hayes Center,13.12,2023-12-17,Nulla nisl.,189,250
170,Nije dostava,519 Heffernan Street,109.57,2024-10-27,Nulla nisl.,20,274
171,Dostava,8 Scott Plaza,12.87,2024-01-12,"In est risus, auctor sed, tristique in, tempus sit amet, sem.",324,205
172,Dostava,08 Carberry Pass,8.43,2024-06-27,Nulla justo. Aliquam quis turpis eget elit sodales scelerisque.,298,373
173,Dostava,35 Alpine Plaza,112.79,2024-08-13,"",360,353
174,Dostava,0 Washington Road,18.97,2024-10-15,"Morbi sem mauris, laoreet ut, rhoncus aliquet, pulvinar sed, nisl.",19,307
175,Dostava,97 Prairieview Alley,76.57,2024-05-16,"",473,377
176,Dostava,6 Vernon Point,9.62,2023-12-25,Suspendisse potenti. In eleifend quam a odio.,500,14
177,Dostava,57 Ilene Plaza,50.84,2024-08-30,"",379,226
178,Nije dostava,076 Starling Circle,6.94,2024-02-08,Suspendisse accumsan tortor quis turpis. Sed ante.,152,101
179,Nije dostava,1 Hudson Park,91.56,2024-09-27,Nam nulla.,456,79
180,Nije dostava,06 Walton Terrace,117.52,2024-10-21,"",491,210
181,Nije dostava,3 Myrtle Drive,104.18,2024-04-20,Nunc nisl.,256,181
182,Dostava,8 Londonderry Lane,107.88,2024-02-21,"",50,354
183,Nije dostava,99 Lotheville Pass,114.46,2024-09-20,Aliquam erat volutpat. In congue.,386,331
184,Dostava,1188 Elka Park,110.69,2023-12-31,"",266,85
185,Nije dostava,8539 Macpherson Avenue,101.67,2024-06-22,"Quisque arcu libero, rutrum ac, lobortis vel, dapibus at, diam. Nam tristique tortor eu pede.",485,338
186,Nije dostava,6135 Forest Park,28.2,2024-01-05,"Sed sagittis. Nam congue, risus semper porta volutpat, quam pede lobortis ligula, sit amet eleifend pede libero quis orci.",191,234
187,Dostava,479 Monument Drive,39.1,2024-01-16,"Nullam orci pede, venenatis non, sodales sed, tincidunt eu, felis. Fusce posuere felis sed lacus.",106,1
188,Nije dostava,53020 David Road,84.81,2024-08-04,Curabitur gravida nisi at nibh.,269,172
189,Nije dostava,07 Boyd Center,106.02,2023-12-20,Aenean fermentum. Donec ut mauris eget massa tempor convallis.,87,28
190,Dostava,33550 American Terrace,55.11,2024-07-09,"",346,36
191,Nije dostava,72514 Grim Point,127.17,2024-01-22,"",233,113
192,Dostava,25 Hansons Place,61.3,2024-03-30,Aliquam erat volutpat. In congue.,144,42
193,Nije dostava,65 Upham Circle,115.43,2023-12-05,"",188,166
194,Nije dostava,47913 Kinsman Road,130.31,2024-06-07,"",210,74
195,Dostava,84 Dryden Hill,67.48,2024-06-30,"",121,268
196,Nije dostava,1 Thackeray Terrace,99.46,2024-06-11,Mauris lacinia sapien quis libero.,255,17
197,Dostava,95 Butterfield Alley,148.84,2024-09-02,"",2,232
198,Dostava,2 Colorado Lane,25.14,2024-05-13,Aliquam erat volutpat. In congue.,490,298
199,Dostava,69 2nd Avenue,18.74,2024-09-18,"",225,198
200,Dostava,41123 Scofield Court,18.81,2024-05-27,Pellentesque ultrices mattis odio. Donec vitae nisi.,180,278
201,Dostava,2 Mariners Cove Park,53.73,2024-11-20,"",378,450
202,Dostava,4939 Shelley Hill,25.17,2023-12-23,"",86,196
203,Dostava,539 Old Gate Park,7.44,2024-04-24,Aliquam quis turpis eget elit sodales scelerisque.,299,366
204,Nije dostava,74947 Morrow Parkway,58.49,2024-09-21,Integer non velit.,252,204
205,Dostava,9 Arapahoe Road,106.18,2024-05-12,"",27,350
206,Dostava,8 Monterey Lane,23.36,2024-07-20,"",26,106
207,Nije dostava,74901 David Hill,75.0,2023-12-13,"",313,339
208,Nije dostava,9610 Packers Road,72.6,2024-12-01,"",359,457
209,Nije dostava,76764 Muir Court,139.52,2024-05-12,Morbi non quam nec dui luctus rutrum.,239,285
210,Nije dostava,3832 Hollow Ridge Trail,37.57,2024-04-18,"Nullam orci pede, venenatis non, sodales sed, tincidunt eu, felis. Fusce posuere felis sed lacus.",174,330
211,Dostava,4 Briar Crest Street,130.12,2024-04-08,"",224,145
212,Nije dostava,95 1st Avenue,105.69,2024-01-14,Sed accumsan felis. Ut at dolor quis odio consequat varius.,30,110
213,Nije dostava,6073 Kennedy Alley,78.21,2024-06-06,Nulla facilisi. Cras non velit nec nisi vulputate nonummy.,328,180
214,Dostava,254 Kings Court,52.38,2024-10-26,"Cum sociis natoque penatibus et magnis dis parturient montes, nascetur ridiculus mus. Etiam vel augue.",460,287
215,Nije dostava,3 Bluestem Hill,34.74,2024-05-07,"",374,254
216,Dostava,402 Prairieview Place,61.76,2023-12-28,Nam dui.,221,443
217,Nije dostava,1 Glendale Circle,63.88,2024-01-04,Nunc purus. Phasellus in felis.,222,154
218,Nije dostava,25148 Forest Dale Circle,57.27,2024-06-13,"",49,312
219,Nije dostava,8 Chive Avenue,65.99,2024-01-10,"",455,269
220,Nije dostava,20 Mayfield Parkway,75.79,2023-12-13,Nunc nisl.,173,202
221,Dostava,7 Dexter Pass,8.86,2023-12-04,Mauris lacinia sapien quis libero. Nullam sit amet turpis elementum ligula vehicula consequat.,194,149
222,Nije dostava,62434 Eagan Lane,95.46,2024-01-29,"",412,328
223,Dostava,80 Southridge Trail,136.68,2024-07-16,"Morbi odio odio, elementum eu, interdum eu, tincidunt in, leo. Maecenas pulvinar lobortis est.",400,396
224,Nije dostava,55 Oxford Point,75.43,2024-10-13,"",150,11
225,Nije dostava,34177 Hoepker Park,90.14,2024-01-27,"",464,475
226,Dostava,46389 Grasskamp Trail,110.38,2024-04-02,Ut tellus. Nulla ut erat id mauris vulputate elementum.,131,171
227,Dostava,5 Reindahl Park,125.32,2024-11-26,Cras non velit nec nisi vulputate nonummy. Maecenas tincidunt lacus at velit.,442,467
228,Nije dostava,217 Eliot Point,46.71,2024-01-31,"",187,228
229,Dostava,451 Schlimgen Park,104.76,2024-05-29,Nullam varius.,380,464
230,Nije dostava,864 Colorado Park,41.97,2024-09-04,"Aliquam sit amet diam in magna bibendum imperdiet. Nullam orci pede, venenatis non, sodales sed, tincidunt eu, felis.",438,211
231,Dostava,203 Atwood Place,145.48,2024-08-21,Nullam varius.,1,244
232,Dostava,25048 Nevada Street,47.47,2024-04-11,Pellentesque eget nunc.,258,403
233,Nije dostava,7 Ramsey Road,91.16,2024-09-24,Donec quis orci eget orci vehicula condimentum. Curabitur in libero ut massa volutpat convallis.,261,104
234,Nije dostava,01 Talmadge Hill,135.41,2024-03-21,Praesent blandit lacinia erat.,421,375
235,Nije dostava,2 Loeprich Way,112.06,2024-05-16,"",220,218
236,Dostava,409 Shelley Junction,117.02,2024-06-24,"",259,96
237,Nije dostava,311 Bartelt Way,62.3,2024-01-01,In eleifend quam a odio. In hac habitasse platea dictumst.,109,93
238,Nije dostava,7257 Debra Plaza,8.83,2024-03-24,"Cras in purus eu magna vulputate luctus. Cum sociis natoque penatibus et magnis dis parturient montes, nascetur ridiculus mus.",168,111
239,Dostava,07890 Arrowood Center,123.43,2024-09-29,"Fusce congue, diam id ornare imperdiet, sapien urna pretium nisl, ut volutpat sapien arcu sed augue. Aliquam erat volutpat.",7,293
240,Nije dostava,3851 Tony Lane,65.0,2024-05-07,Duis bibendum.,11,294
241,Dostava,8 Kenwood Hill,94.58,2024-09-13,Praesent id massa id nisl venenatis lacinia.,183,463
242,Dostava,90 Reinke Parkway,135.77,2024-07-03,"",373,491
243,Dostava,74152 Bayside Circle,73.72,2024-05-19,"",388,201
244,Nije dostava,914 Linden Park,125.51,2024-03-28,"",203,215
245,Dostava,63814 Hanover Avenue,103.95,2024-05-04,Etiam faucibus cursus urna.,349,364
246,Nije dostava,09187 Dahle Terrace,118.36,2024-03-13,Nullam porttitor lacus at turpis. Donec posuere metus vitae ipsum.,332,249
247,Dostava,5 Redwing Junction,138.45,2023-12-15,"",100,52
248,Dostava,0915 Declaration Street,125.39,2024-09-18,Suspendisse potenti. In eleifend quam a odio.,245,276
249,Dostava,43 Kings Pass,105.01,2024-05-01,Duis bibendum. Morbi non quam nec dui luctus rutrum.,97,242
250,Dostava,54 Memorial Lane,132.92,2024-09-30,"Morbi vestibulum, velit id pretium iaculis, diam erat fermentum justo, nec condimentum neque sapien placerat ante. Nulla justo.",427,368
251,Dostava,3958 Talmadge Circle,51.63,2024-03-19,Curabitur convallis.,206,102
252,Dostava,76 Hauk Street,126.69,2024-07-21,"Vestibulum ante ipsum primis in faucibus orci luctus et ultrices posuere cubilia Curae; Donec pharetra, magna vestibulum aliquet ultrices, erat tortor sollicitudin mi, sit amet lobortis sapien sapien non mi.",43,190
253,Nije dostava,74273 Eastwood Terrace,79.17,2024-10-14,"Cras mi pede, malesuada in, imperdiet et, commodo vulputate, justo. In blandit ultrices enim.",304,300
254,Nije dostava,726 Meadow Valley Trail,26.41,2024-02-23,Suspendisse potenti.,296,479
255,Dostava,049 Autumn Leaf Point,32.8,2024-11-18,Pellentesque eget nunc.,350,496
256,Dostava,20467 Ridgeway Plaza,91.81,2024-05-26,Curabitur convallis. Duis consequat dui nec nisi volutpat eleifend.,13,270
257,Dostava,50 Ramsey Park,41.18,2024-02-08,Duis consequat dui nec nisi volutpat eleifend. Donec ut dolor.,312,284
258,Dostava,24716 Morrow Way,127.88,2024-05-06,"",73,185
259,Dostava,4209 Maple Wood Place,82.59,2024-04-02,Nulla ut erat id mauris vulputate elementum.,140,64
260,Nije dostava,384 Pennsylvania Place,92.81,2024-10-30,"Morbi vel lectus in quam fringilla rhoncus. Mauris enim leo, rhoncus sed, vestibulum sit amet, cursus id, turpis.",46,376
261,Dostava,754 Chive Street,142.77,2024-03-11,"",280,186
262,Nije dostava,899 Karstens Point,134.42,2024-09-08,Integer ac leo.,496,423
263,Dostava,94558 Kenwood Place,60.05,2024-03-27,"",101,77
264,Nije dostava,7239 Jenifer Lane,67.54,2024-01-07,Nulla ac enim.,6,478
265,Nije dostava,16 Red Cloud Terrace,28.26,2024-11-16,"Cras mi pede, malesuada in, imperdiet et, commodo vulputate, justo. In blandit ultrices enim.",446,146
266,Dostava,26 Bellgrove Lane,12.07,2024-10-19,"",283,433
267,Dostava,36 Wayridge Point,149.14,2024-11-21,"",235,78
268,Nije dostava,13 Kingsford Circle,112.68,2024-10-25,"Proin leo odio, porttitor id, consequat in, consequat ut, nulla.",12,140
269,Nije dostava,9 Southridge Circle,148.32,2024-02-25,Donec dapibus.,155,459
270,Nije dostava,67213 6th Plaza,116.78,2024-04-26,"",426,488
271,Nije dostava,15652 Sunbrook Trail,74.68,2024-06-01,"",469,20
272,Dostava,3185 Erie Trail,82.36,2024-04-24,"",371,490
273,Dostava,62 Stuart Terrace,95.72,2024-08-22,"Quisque arcu libero, rutrum ac, lobortis vel, dapibus at, diam. Nam tristique tortor eu pede.",80,194
274,Dostava,1 Fieldstone Court,57.56,2024-04-16,"Curabitur in libero ut massa volutpat convallis. Morbi odio odio, elementum eu, interdum eu, tincidunt in, leo.",4,123
275,Dostava,397 Little Fleur Parkway,71.77,2024-05-01,"",212,372
276,Nije dostava,685 Clove Circle,41.47,2024-09-01,Nulla facilisi. Cras non velit nec nisi vulputate nonummy.,41,107
277,Dostava,5 Upham Plaza,62.62,2024-03-21,"",160,12
278,Nije dostava,08 Comanche Pass,61.41,2024-05-30,"Quisque porta volutpat erat. Quisque erat eros, viverra eget, congue eget, semper rutrum, nulla.",291,134
279,Dostava,280 Rutledge Point,99.48,2024-06-18,"Fusce congue, diam id ornare imperdiet, sapien urna pretium nisl, ut volutpat sapien arcu sed augue. Aliquam erat volutpat.",137,48
280,Dostava,1821 International Alley,64.18,2024-01-20,"",428,369
281,Dostava,7260 Moose Avenue,59.61,2024-04-19,Nunc rhoncus dui vel sem.,185,337
282,Dostava,22 Hooker Street,64.96,2024-08-06,"",31,489
283,Dostava,075 Straubel Point,10.54,2024-05-04,"Morbi quis tortor id nulla ultrices aliquet. Maecenas leo odio, condimentum id, luctus nec, molestie sed, justo.",452,309
284,Dostava,26 Old Shore Junction,74.75,2024-07-10,Curabitur gravida nisi at nibh.,354,465
285,Nije dostava,23880 Spaight Alley,97.21,2024-11-29,"Vivamus metus arcu, adipiscing molestie, hendrerit at, vulputate vitae, nisl.",301,94
286,Dostava,6 Badeau Place,8.09,2024-11-16,"",393,217
287,Nije dostava,76001 Forster Hill,139.36,2024-06-02,"Aliquam augue quam, sollicitudin vitae, consectetuer eget, rutrum at, lorem. Integer tincidunt ante vel ipsum.",69,97
288,Nije dostava,4 Holmberg Alley,93.84,2024-11-22,Nulla ut erat id mauris vulputate elementum.,383,88
289,Nije dostava,03 Monument Lane,112.47,2024-09-04,"",254,311
290,Nije dostava,45163 Johnson Hill,72.74,2024-11-09,"",118,189
291,Dostava,7 Cambridge Terrace,125.98,2024-03-05,Quisque ut erat.,79,262
292,Nije dostava,903 Crest Line Trail,142.96,2024-03-31,Aenean auctor gravida sem.,40,455
293,Nije dostava,7 Merrick Road,131.62,2024-01-11,"",414,116
294,Nije dostava,304 Dwight Street,28.91,2024-08-08,"",429,174
295,Nije dostava,795 Di Loreto Street,18.18,2024-09-24,In sagittis dui vel nisl.,377,335
296,Dostava,162 Melody Circle,33.14,2024-08-05,Pellentesque eget nunc.,316,29
297,Nije dostava,35821 Kenwood Avenue,38.95,2023-12-10,Integer tincidunt ante vel ipsum. Praesent blandit lacinia erat.,219,16
298,Dostava,99 Twin Pines Point,123.01,2024-09-17,Curabitur convallis.,146,382
299,Dostava,33 2nd Crossing,20.21,2024-12-02,"",176,151
300,Dostava,5914 Jana Avenue,20.06,2024-01-18,Ut tellus. Nulla ut erat id mauris vulputate elementum.,123,494
301,Dostava,867 Fordem Circle,120.39,2024-01-24,"In tempor, turpis nec euismod scelerisque, quam turpis adipiscing lorem, vitae mattis nibh ligula nec sem.",215,159
302,Dostava,366 Lerdahl Drive,51.59,2023-12-05,"",392,114
303,Dostava,770 Sundown Place,68.62,2024-06-19,Nulla suscipit ligula in lacus.,142,391
304,Nije dostava,860 Burning Wood Center,81.72,2024-08-24,"Lorem ipsum dolor sit amet, consectetuer adipiscing elit. Proin interdum mauris non ligula pellentesque ultrices.",161,67
305,Dostava,6 American Point,140.48,2024-09-11,Duis mattis egestas metus.,96,117
306,Dostava,83 Mariners Cove Lane,7.41,2024-11-17,Nulla mollis molestie lorem.,489,499
307,Nije dostava,1 Mayfield Road,121.52,2024-01-20,Vestibulum sed magna at nunc commodo placerat. Praesent blandit.,164,194
308,Dostava,8324 4th Place,123.4,2024-04-10,"",466,338
309,Dostava,3 Parkside Junction,128.79,2024-05-04,"",497,298
310,Dostava,15284 Esch Circle,46.78,2024-08-22,Ut tellus.,48,176
311,Nije dostava,768 Brown Crossing,116.63,2023-12-31,Nullam porttitor lacus at turpis.,450,155
312,Dostava,00761 Butternut Parkway,128.28,2024-01-04,"Cras mi pede, malesuada in, imperdiet et, commodo vulputate, justo. In blandit ultrices enim.",419,71
313,Nije dostava,2225 Welch Junction,67.92,2024-07-08,"",3,327
314,Dostava,18 Tennyson Center,34.16,2024-04-27,Morbi ut odio.,113,169
315,Dostava,9 Scoville Terrace,76.1,2024-05-06,"",71,267
316,Dostava,4352 Ruskin Circle,59.62,2023-12-19,Curabitur convallis.,457,304
317,Nije dostava,6 Quincy Plaza,35.22,2024-07-27,"",459,214
318,Nije dostava,66816 Transport Parkway,33.31,2024-08-21,In hac habitasse platea dictumst.,434,11
319,Dostava,4 Hagan Alley,66.62,2024-06-14,Etiam vel augue. Vestibulum rutrum rutrum neque.,230,256
320,Nije dostava,153 American Park,58.21,2024-01-28,"",336,23
321,Dostava,446 Artisan Junction,41.91,2024-06-30,Sed ante.,475,445
322,Nije dostava,1 Dovetail Plaza,48.18,2024-01-01,Pellentesque viverra pede ac diam. Cras pellentesque volutpat dui.,481,376
323,Dostava,44513 Scoville Court,74.58,2024-01-11,Integer non velit.,17,419
324,Nije dostava,144 Golf Alley,56.34,2024-09-19,"",144,317
325,Dostava,0231 Autumn Leaf Plaza,37.3,2024-09-21,Aliquam quis turpis eget elit sodales scelerisque. Mauris sit amet eros.,86,67
326,Nije dostava,642 Twin Pines Circle,86.77,2024-04-24,Phasellus sit amet erat.,1,150
327,Nije dostava,1 Sundown Alley,125.57,2024-10-17,"",487,112
328,Dostava,15946 Golf Course Park,85.41,2024-01-19,Pellentesque viverra pede ac diam. Cras pellentesque volutpat dui.,356,448
329,Dostava,60033 Barnett Junction,82.01,2024-06-20,"",446,498
330,Dostava,072 Mcguire Avenue,53.27,2024-06-23,Vivamus vestibulum sagittis sapien.,9,103
331,Nije dostava,5536 Texas Street,94.8,2024-10-29,"",108,191
332,Nije dostava,1312 Michigan Street,114.88,2024-08-31,Pellentesque viverra pede ac diam. Cras pellentesque volutpat dui.,437,37
333,Dostava,6049 Myrtle Terrace,62.47,2024-10-01,"Lorem ipsum dolor sit amet, consectetuer adipiscing elit. Proin risus. Praesent lectus. Vestibulum quam sapien, varius ut, blandit non, interdum in, ante. Vestibulum ante ipsum primis in faucibus orci luctus et ultrices posuere cubilia Curae; Duis faucibus accumsan odio. Curabitur convallis. Duis consequat dui nec nisi volutpat eleifend. Donec ut dolor. Morbi vel lectus in quam fringilla rhoncus. Mauris enim leo, rhoncus sed, vestibulum sit amet, cursus id, turpis. Integer aliquet, massa id lobortis convallis, tortor risus dapibus augue, vel accumsan tellus nisi eu orci. Mauris lacinia sapien quis libero. Nullam sit amet turpis elementum ligula vehicula consequat. Morbi a ipsum. Integer a nibh. In quis justo. Maecenas rhoncus aliquam lacus. Morbi quis tortor id nulla ultrices aliquet. Maecenas leo odio, condimentum id, luctus nec, molestie sed, justo. Pellentesque viverra pede ac diam. Cras pellentesque volutpat dui. Maecenas tristique, est et tempus semper, est quam pharetra magna, ac consequat metus sapien ut nunc. Vestibulum ante ipsum primis in faucibus orci luctus et ultrices posuere cubilia Curae; Mauris viverra diam vitae quam. Suspendisse potenti. Nullam porttitor lacus at turpis. Donec posuere metus vitae ipsum. Aliquam non mauris. Morbi non lectus. Aliquam sit amet diam in magna bibendum imperdiet. Nullam orci pede, venenatis non, sodales sed, tincidunt eu, felis. Fusce posuere felis sed lacus. Morbi sem mauris, laoreet ut, rhoncus aliquet, pulvinar sed, nisl. Nunc rhoncus dui vel sem. Sed sagittis. Nam congue, risus semper porta volutpat, quam pede lobortis ligula, sit amet eleifend pede libero quis orci. Nullam molestie nibh in lectus. Pellentesque at nulla. Suspendisse potenti. Cras in purus eu magna vulputate luctus. Cum sociis natoque penatibus et magnis dis parturient montes, nascetur ridiculus mus. Vivamus vestibulum sagittis sapien. Cum sociis natoque penatibus et magnis dis parturient montes, nascetur ridiculus mus. Etiam vel augue. Vestibulum rutrum rutrum neque. Aenean auctor gravida sem. Praesent id massa id nisl venenatis lacinia. Aenean sit amet justo. Morbi ut odio. Cras mi pede, malesuada in, imperdiet et, commodo vulputate, justo. In blandit ultrices enim. Lorem ipsum dolor sit amet, consectetuer adipiscing elit. Proin interdum mauris non ligula pellentesque ultrices. Phasellus id sapien in sapien iaculis congue. Vivamus metus arcu, adipiscing molestie, hendrerit at, vulputate vitae, nisl. Aenean lectus. Pellentesque eget nunc. Donec quis orci eget orci vehicula condimentum. Curabitur in libero ut massa volutpat convallis. Morbi odio odio, elementum eu, interdum eu, tincidunt in, leo. Maecenas pulvinar lobortis est. Phasellus sit amet erat. Nulla tempus. Vivamus in felis eu sapien cursus vestibulum. Proin eu mi. Nulla ac enim. In tempor, turpis nec euismod scelerisque, quam turpis adipiscing lorem, vitae mattis nibh ligula nec sem. Duis aliquam convallis nunc. Proin at turpis a pede posuere nonummy. Integer non velit. Donec diam neque, vestibulum eget, vulputate ut, ultrices vel, augue. Vestibulum ante ipsum primis in faucibus orci luctus et ultrices posuere cubilia Curae; Donec pharetra, magna vestibulum aliquet ultrices, erat tortor sollicitudin mi, sit amet lobortis sapien sapien non mi. Integer ac neque. Duis bibendum. Morbi non quam nec dui luctus rutrum. Nulla tellus. In sagittis dui vel nisl. Duis ac nibh. Fusce lacus purus, aliquet at, feugiat non, pretium quis, lectus. Suspendisse potenti. In eleifend quam a odio. In hac habitasse platea dictumst. Maecenas ut massa quis augue luctus tincidunt. Nulla mollis molestie lorem. Quisque ut erat. Curabitur gravida nisi at nibh. In hac habitasse platea dictumst. Aliquam augue quam, sollicitudin vitae, consectetuer eget, rutrum at, lorem. Integer tincidunt ante vel ipsum. Praesent blandit lacinia erat. Vestibulum sed magna at nunc commodo placerat. Praesent blandit. Nam nulla. Integer pede justo, lacinia eget, tincidunt eget, tempus vel, pede. Morbi porttitor lorem id ligula. Suspendisse ornare consequat lectus. In est risus, auctor sed, tristique in, tempus sit amet, sem. Fusce consequat. Nulla nisl. Nunc nisl. Duis bibendum, felis sed interdum venenatis, turpis enim blandit mi, in porttitor pede justo eu massa. Donec dapibus. Duis at velit eu est congue elementum. In hac habitasse platea dictumst. Morbi vestibulum, velit id pretium iaculis, diam erat fermentum justo, nec condimentum neque sapien placerat ante. Nulla justo. Aliquam quis turpis eget elit sodales scelerisque. Mauris sit amet eros. Suspendisse accumsan tortor quis turpis. Sed ante. Vivamus tortor. Duis mattis egestas metus. Aenean fermentum. Donec ut mauris eget massa tempor convallis. Nulla neque libero, convallis eget, eleifend luctus, ultricies eu, nibh. Quisque id justo sit amet sapien dignissim vestibulum. Vestibulum ante ipsum primis in faucibus orci luctus et ultrices posuere cubilia Curae; Nulla dapibus dolor vel est. Donec odio justo, sollicitudin ut, suscipit a, feugiat et, eros. Vestibulum ac est lacinia nisi venenatis tristique. Fusce congue, diam id ornare imperdiet, sapien urna pretium nisl, ut volutpat sapien arcu sed augue. Aliquam erat volutpat. In congue. Etiam justo. Etiam pretium iaculis justo. In hac habitasse platea dictumst. Etiam faucibus cursus urna. Ut tellus. Nulla ut erat id mauris vulputate elementum. Nullam varius. Nulla facilisi. Cras non velit nec nisi vulputate nonummy. Maecenas tincidunt lacus at velit. Vivamus vel nulla eget eros elementum pellentesque. Quisque porta volutpat erat. Quisque erat eros, viverra eget, congue eget, semper rutrum, nulla. Nunc purus. Phasellus in felis. Donec semper sapien a libero. Nam dui. Proin leo odio, porttitor id, consequat in, consequat ut, nulla. Sed accumsan felis. Ut at dolor quis odio consequat varius. Integer ac leo. Pellentesque ultrices mattis odio. Donec vitae nisi. Nam ultrices, libero non mattis pulvinar, nulla pede ullamcorper augue, a suscipit nulla elit ac nulla. Sed vel enim sit amet nunc viverra dapibus. Nulla suscipit ligula in lacus. Curabitur at ipsum ac tellus semper interdum. Mauris ullamcorper purus sit amet nulla. Quisque arcu libero, rutrum ac, lobortis vel, dapibus at, diam. Nam tristique tortor eu pede.",453,293
334,Nije dostava,584 Bowman Plaza,112.69,2024-07-16,Mauris sit amet eros.,85,4
335,Nije dostava,683 Sunfield Alley,51.21,2024-04-07,"",399,222
336,Nije dostava,68036 Hovde Terrace,82.75,2023-12-11,Praesent blandit lacinia erat.,154,197
337,Nije dostava,19228 Reindahl Way,106.34,2024-10-15,Integer ac neque. Duis bibendum.,403,228
338,Dostava,58679 Hanson Street,137.03,2023-12-09,"Vestibulum ante ipsum primis in faucibus orci luctus et ultrices posuere cubilia Curae; Nulla dapibus dolor vel est. Donec odio justo, sollicitudin ut, suscipit a, feugiat et, eros.",497,410
339,Dostava,93665 Sugar Drive,55.53,2023-12-06,"",468,494
340,Dostava,1 Kim Alley,58.75,2024-12-02,"",461,15
341,Dostava,50 6th Trail,18.95,2024-07-16,"",34,457
342,Dostava,0257 Dexter Crossing,121.54,2024-01-24,"",273,247
343,Nije dostava,180 Killdeer Terrace,96.76,2024-02-28,"",280,382
344,Dostava,76432 Luster Pass,120.98,2024-02-10,"",158,352
345,Nije dostava,822 Iowa Place,116.88,2024-04-09,"",422,351
346,Nije dostava,99616 Union Center,33.17,2024-11-28,"",240,291
347,Nije dostava,1 Dawn Hill,106.12,2024-06-16,Suspendisse potenti. In eleifend quam a odio.,83,83
348,Dostava,8616 Clemons Avenue,83.57,2024-11-02,Duis bibendum. Morbi non quam nec dui luctus rutrum.,39,439
349,Nije dostava,45552 Sauthoff Alley,22.05,2024-11-26,Mauris sit amet eros.,142,138
350,Dostava,44 Golden Leaf Park,100.58,2024-11-11,"Nam nulla. Integer pede justo, lacinia eget, tincidunt eget, tempus vel, pede.",335,236
351,Nije dostava,1558 Granby Place,21.87,2024-07-01,Cras in purus eu magna vulputate luctus.,427,316
352,Nije dostava,92614 Buena Vista Junction,12.47,2024-02-17,"Morbi vestibulum, velit id pretium iaculis, diam erat fermentum justo, nec condimentum neque sapien placerat ante. Nulla justo.",221,246
353,Dostava,6 Marcy Pass,8.46,2024-10-23,"",18,339
354,Dostava,00 Mendota Drive,66.49,2024-10-15,Etiam vel augue. Vestibulum rutrum rutrum neque.,416,488
355,Dostava,572 Mockingbird Parkway,17.74,2024-11-06,"",95,357
356,Nije dostava,257 Pleasure Point,54.82,2024-05-04,"",283,220
357,Dostava,29500 Messerschmidt Lane,66.28,2024-02-10,Pellentesque viverra pede ac diam. Cras pellentesque volutpat dui.,287,478
358,Dostava,1 Sutteridge Street,26.02,2024-03-31,Ut tellus. Nulla ut erat id mauris vulputate elementum.,382,484
359,Dostava,4477 Moland Drive,54.94,2024-05-04,"",129,294
360,Nije dostava,7 Carioca Plaza,58.92,2024-02-01,Sed vel enim sit amet nunc viverra dapibus.,242,51
361,Nije dostava,0 Bonner Trail,133.63,2024-11-30,In congue.,131,201
362,Nije dostava,0754 Riverside Park,125.85,2024-09-30,Suspendisse potenti. Cras in purus eu magna vulputate luctus.,279,401
363,Nije dostava,864 Ilene Plaza,16.0,2024-09-09,Vestibulum rutrum rutrum neque.,15,36
364,Nije dostava,8 Schiller Alley,136.87,2024-10-09,"",408,125
365,Nije dostava,58 Crest Line Court,96.66,2023-12-11,"",25,276
366,Nije dostava,072 Garrison Terrace,43.01,2024-01-18,"Vivamus metus arcu, adipiscing molestie, hendrerit at, vulputate vitae, nisl.",218,395
367,Dostava,98663 Kenwood Drive,128.91,2024-06-07,Vestibulum rutrum rutrum neque.,65,378
368,Nije dostava,318 Fulton Drive,24.66,2024-11-18,"Donec odio justo, sollicitudin ut, suscipit a, feugiat et, eros. Vestibulum ac est lacinia nisi venenatis tristique.",278,68
369,Dostava,349 Coleman Drive,49.82,2024-02-20,"",125,34
370,Nije dostava,159 Hansons Center,20.39,2024-02-17,"",321,424
371,Nije dostava,028 Kensington Road,147.86,2024-03-17,In quis justo.,406,133
372,Dostava,40792 Superior Lane,99.9,2024-08-12,Donec ut dolor.,409,81
373,Dostava,72547 Orin Park,60.59,2024-03-05,Morbi porttitor lorem id ligula.,292,341
374,Nije dostava,39 Sheridan Park,114.76,2024-02-26,Pellentesque ultrices mattis odio. Donec vitae nisi.,329,321
375,Dostava,9 Briar Crest Parkway,75.08,2024-01-10,Aenean fermentum.,333,254
376,Dostava,717 Veith Place,68.17,2024-09-11,Nullam sit amet turpis elementum ligula vehicula consequat. Morbi a ipsum.,196,464
377,Nije dostava,72386 Delladonna Court,13.51,2023-12-16,"",159,456
378,Nije dostava,0140 Dexter Terrace,122.72,2024-09-18,"",214,207
379,Dostava,79 Green Junction,130.04,2024-04-28,Etiam faucibus cursus urna. Ut tellus.,308,91
380,Nije dostava,855 Talmadge Court,135.65,2024-07-18,Suspendisse potenti. Cras in purus eu magna vulputate luctus.,347,292
381,Nije dostava,05506 Springs Park,126.08,2024-11-01,"",140,135
382,Dostava,772 Sunbrook Parkway,135.89,2024-09-05,Nulla facilisi.,16,483
383,Dostava,82 Anzinger Point,124.61,2024-06-05,"",445,128
384,Nije dostava,36503 Sachs Avenue,139.24,2024-05-01,"Duis bibendum, felis sed interdum venenatis, turpis enim blandit mi, in porttitor pede justo eu massa. Donec dapibus.",442,319
385,Dostava,3 Heffernan Road,23.96,2024-08-29,Fusce consequat. Nulla nisl.,391,50
386,Nije dostava,685 Sutteridge Junction,78.89,2024-07-09,"",418,305
387,Dostava,3 Johnson Plaza,146.66,2024-07-12,Curabitur convallis. Duis consequat dui nec nisi volutpat eleifend.,217,185
388,Nije dostava,0 Tomscot Hill,117.31,2024-06-24,"Nam nulla. Integer pede justo, lacinia eget, tincidunt eget, tempus vel, pede.",367,24
389,Nije dostava,3 Division Trail,18.03,2024-08-26,Nulla nisl. Nunc nisl.,488,61
390,Nije dostava,4725 Ridgeway Center,117.36,2024-01-13,"Sed sagittis. Nam congue, risus semper porta volutpat, quam pede lobortis ligula, sit amet eleifend pede libero quis orci.",311,328
391,Dostava,54654 Armistice Junction,7.56,2024-11-13,"Fusce lacus purus, aliquet at, feugiat non, pretium quis, lectus. Suspendisse potenti.",474,63
392,Nije dostava,017 Nobel Center,6.53,2024-11-27,Integer tincidunt ante vel ipsum. Praesent blandit lacinia erat.,56,204
393,Nije dostava,65 Alpine Drive,34.26,2024-01-23,"Vestibulum ante ipsum primis in faucibus orci luctus et ultrices posuere cubilia Curae; Donec pharetra, magna vestibulum aliquet ultrices, erat tortor sollicitudin mi, sit amet lobortis sapien sapien non mi.",323,237
394,Nije dostava,1794 Arrowood Terrace,84.52,2023-12-20,"",428,398
395,Nije dostava,59014 Eliot Road,80.14,2024-12-02,"In blandit ultrices enim. Lorem ipsum dolor sit amet, consectetuer adipiscing elit.",10,306
396,Dostava,33305 Gina Lane,129.67,2024-07-12,Fusce posuere felis sed lacus.,317,435
397,Nije dostava,74 Magdeline Parkway,89.8,2024-11-17,"Vivamus vestibulum sagittis sapien. Cum sociis natoque penatibus et magnis dis parturient montes, nascetur ridiculus mus.",341,163
398,Nije dostava,20249 Becker Terrace,35.74,2024-09-23,Morbi porttitor lorem id ligula. Suspendisse ornare consequat lectus.,176,178
399,Dostava,551 Fallview Way,119.72,2024-01-10,"",162,218
400,Dostava,0 Bowman Junction,124.11,2024-06-21,Nulla mollis molestie lorem. Quisque ut erat.,388,403
401,Dostava,97767 Corben Pass,135.15,2023-12-23,"",260,347
402,Nije dostava,4450 Merchant Plaza,105.19,2024-04-27,"",290,99
403,Nije dostava,56197 Starling Park,16.21,2024-06-12,Nulla justo.,344,330
404,Nije dostava,7 Del Sol Crossing,66.86,2024-02-15,In hac habitasse platea dictumst.,368,283
405,Nije dostava,692 Forster Lane,145.85,2024-09-13,"Fusce lacus purus, aliquet at, feugiat non, pretium quis, lectus. Suspendisse potenti.",415,394
406,Dostava,67952 Chive Plaza,134.36,2024-08-24,Nunc nisl.,53,187
407,Nije dostava,3 Clemons Plaza,83.44,2024-01-13,"Morbi vel lectus in quam fringilla rhoncus. Mauris enim leo, rhoncus sed, vestibulum sit amet, cursus id, turpis.",123,315
408,Dostava,89083 Mifflin Center,145.36,2024-06-05,Mauris sit amet eros. Suspendisse accumsan tortor quis turpis.,455,418
409,Nije dostava,25975 Florence Park,52.22,2024-03-21,"",393,108
410,Dostava,3940 Erie Way,8.16,2024-05-02,Vivamus tortor. Duis mattis egestas metus.,81,78
411,Nije dostava,285 Straubel Terrace,19.36,2024-04-03,"In tempor, turpis nec euismod scelerisque, quam turpis adipiscing lorem, vitae mattis nibh ligula nec sem. Duis aliquam convallis nunc.",235,385
412,Dostava,06 Calypso Junction,101.64,2024-08-09,In blandit ultrices enim.,310,374
413,Nije dostava,47 Glendale Road,65.31,2023-12-08,Vivamus tortor.,318,168
414,Dostava,8991 Iowa Hill,82.03,2024-11-28,Cras non velit nec nisi vulputate nonummy.,312,361
415,Nije dostava,27686 Melody Point,41.25,2024-06-25,Cras in purus eu magna vulputate luctus.,200,388
416,Nije dostava,2757 Golden Leaf Place,89.73,2024-10-19,Etiam pretium iaculis justo.,3,75
417,Nije dostava,377 Rigney Alley,106.49,2023-12-14,"Duis bibendum, felis sed interdum venenatis, turpis enim blandit mi, in porttitor pede justo eu massa. Donec dapibus.",35,425
418,Dostava,294 Surrey Way,58.55,2024-03-27,"Nulla neque libero, convallis eget, eleifend luctus, ultricies eu, nibh.",30,337
419,Nije dostava,4 Union Drive,53.31,2023-12-14,"",269,482
420,Nije dostava,98 Kingsford Plaza,24.48,2024-08-27,"Duis ac nibh. Fusce lacus purus, aliquet at, feugiat non, pretium quis, lectus.",494,30
421,Dostava,81272 Harper Terrace,36.36,2024-11-16,"",383,344
422,Dostava,17 Artisan Circle,94.32,2024-10-20,"Suspendisse ornare consequat lectus. In est risus, auctor sed, tristique in, tempus sit amet, sem.",61,295
423,Dostava,73 Dahle Way,53.81,2024-04-10,Nulla tellus. In sagittis dui vel nisl.,458,447
424,Dostava,373 Ohio Junction,93.43,2024-10-20,Donec dapibus. Duis at velit eu est congue elementum.,304,102
425,Dostava,19 Comanche Court,142.27,2024-03-23,Nunc rhoncus dui vel sem. Sed sagittis.,212,210
426,Dostava,357 American Ash Lane,73.14,2024-09-09,"",250,479
427,Dostava,978 Everett Park,72.17,2023-12-24,Vestibulum ante ipsum primis in faucibus orci luctus et ultrices posuere cubilia Curae; Nulla dapibus dolor vel est.,36,148
428,Nije dostava,4192 Swallow Junction,101.57,2024-03-01,Sed sagittis.,40,145
429,Dostava,9 Doe Crossing Point,74.73,2024-11-07,Nunc rhoncus dui vel sem.,364,340
430,Nije dostava,9340 Warbler Junction,126.24,2024-03-07,Pellentesque ultrices mattis odio. Donec vitae nisi.,187,215
431,Nije dostava,6 Bay Crossing,58.7,2023-12-18,Proin risus. Praesent lectus.,394,18
432,Nije dostava,9 Coleman Avenue,86.33,2024-09-24,Sed ante. Vivamus tortor.,148,303
433,Nije dostava,6134 Leroy Hill,75.36,2024-07-13,In sagittis dui vel nisl.,381,147
434,Nije dostava,767 Jackson Circle,29.02,2024-06-17,"",360,309
435,Dostava,67627 Oxford Street,133.18,2024-06-12,Aenean auctor gravida sem.,239,444
436,Dostava,8947 Hoffman Pass,111.36,2024-06-07,"",490,57
437,Nije dostava,49 Bay Hill,6.15,2024-02-02,"Morbi vel lectus in quam fringilla rhoncus. Mauris enim leo, rhoncus sed, vestibulum sit amet, cursus id, turpis.",97,473
438,Nije dostava,86 Barnett Trail,114.15,2024-08-16,Integer ac leo.,431,239
439,Dostava,600 Loftsgordon Lane,133.44,2023-12-09,"",326,437
440,Dostava,6 Raven Place,102.69,2024-08-08,"Fusce congue, diam id ornare imperdiet, sapien urna pretium nisl, ut volutpat sapien arcu sed augue.",28,274
441,Dostava,21971 Meadow Valley Plaza,84.53,2024-03-01,"",470,472
442,Dostava,54419 Superior Trail,49.97,2024-06-17,Duis at velit eu est congue elementum.,88,255
443,Dostava,50 Forest Dale Court,148.34,2024-10-26,Nullam porttitor lacus at turpis.,315,296
444,Nije dostava,5 Arrowood Alley,97.68,2024-10-01,Vestibulum sed magna at nunc commodo placerat.,441,367
445,Dostava,24110 Logan Trail,43.83,2024-08-03,Etiam faucibus cursus urna. Ut tellus.,66,13
446,Dostava,83 Lukken Street,82.25,2024-07-23,Nullam sit amet turpis elementum ligula vehicula consequat. Morbi a ipsum.,226,493
447,Dostava,40018 Birchwood Place,110.72,2024-06-28,"Nam nulla. Integer pede justo, lacinia eget, tincidunt eget, tempus vel, pede.",227,362
448,Nije dostava,16 Dunning Parkway,48.57,2024-03-16,Sed sagittis.,369,180
449,Nije dostava,191 Portage Center,102.53,2024-04-21,Donec posuere metus vitae ipsum. Aliquam non mauris.,271,349
450,Dostava,60890 Sage Lane,83.71,2024-03-01,In hac habitasse platea dictumst.,111,266
451,Dostava,26 Golf View Crossing,55.13,2024-04-11,"Maecenas leo odio, condimentum id, luctus nec, molestie sed, justo. Pellentesque viverra pede ac diam.",307,79
452,Nije dostava,1 Iowa Place,43.87,2024-08-20,Pellentesque eget nunc.,435,391
453,Dostava,03048 Mockingbird Court,98.26,2024-03-16,"",479,312
454,Dostava,43030 Portage Avenue,132.17,2024-03-18,Pellentesque ultrices mattis odio.,454,407
455,Nije dostava,62 Lindbergh Avenue,8.68,2024-11-30,Maecenas rhoncus aliquam lacus. Morbi quis tortor id nulla ultrices aliquet.,313,468
456,Nije dostava,6 Moland Trail,149.56,2024-06-25,"",84,151
457,Dostava,49 Farmco Trail,29.0,2024-09-17,Integer tincidunt ante vel ipsum. Praesent blandit lacinia erat.,375,104
458,Dostava,51 Dixon Center,69.59,2024-01-28,In hac habitasse platea dictumst. Etiam faucibus cursus urna.,243,240
459,Dostava,7423 Elmside Park,142.16,2024-11-18,"Lorem ipsum dolor sit amet, consectetuer adipiscing elit. Proin risus. Praesent lectus. Vestibulum quam sapien, varius ut, blandit non, interdum in, ante. Vestibulum ante ipsum primis in faucibus orci luctus et ultrices posuere cubilia Curae; Duis faucibus accumsan odio. Curabitur convallis. Duis consequat dui nec nisi volutpat eleifend. Donec ut dolor. Morbi vel lectus in quam fringilla rhoncus. Mauris enim leo, rhoncus sed, vestibulum sit amet, cursus id, turpis. Integer aliquet, massa id lobortis convallis, tortor risus dapibus augue, vel accumsan tellus nisi eu orci. Mauris lacinia sapien quis libero. Nullam sit amet turpis elementum ligula vehicula consequat. Morbi a ipsum. Integer a nibh. In quis justo. Maecenas rhoncus aliquam lacus. Morbi quis tortor id nulla ultrices aliquet. Maecenas leo odio, condimentum id, luctus nec, molestie sed, justo. Pellentesque viverra pede ac diam. Cras pellentesque volutpat dui. Maecenas tristique, est et tempus semper, est quam pharetra magna, ac consequat metus sapien ut nunc. Vestibulum ante ipsum primis in faucibus orci luctus et ultrices posuere cubilia Curae; Mauris viverra diam vitae quam. Suspendisse potenti. Nullam porttitor lacus at turpis. Donec posuere metus vitae ipsum. Aliquam non mauris. Morbi non lectus. Aliquam sit amet diam in magna bibendum imperdiet. Nullam orci pede, venenatis non, sodales sed, tincidunt eu, felis. Fusce posuere felis sed lacus. Morbi sem mauris, laoreet ut, rhoncus aliquet, pulvinar sed, nisl. Nunc rhoncus dui vel sem. Sed sagittis. Nam congue, risus semper porta volutpat, quam pede lobortis ligula, sit amet eleifend pede libero quis orci. Nullam molestie nibh in lectus. Pellentesque at nulla. Suspendisse potenti. Cras in purus eu magna vulputate luctus. Cum sociis natoque penatibus et magnis dis parturient montes, nascetur ridiculus mus. Vivamus vestibulum sagittis sapien. Cum sociis natoque penatibus et magnis dis parturient montes, nascetur ridiculus mus. Etiam vel augue. Vestibulum rutrum rutrum neque. Aenean auctor gravida sem. Praesent id massa id nisl venenatis lacinia. Aenean sit amet justo. Morbi ut odio. Cras mi pede, malesuada in, imperdiet et, commodo vulputate, justo. In blandit ultrices enim. Lorem ipsum dolor sit amet, consectetuer adipiscing elit. Proin interdum mauris non ligula pellentesque ultrices. Phasellus id sapien in sapien iaculis congue. Vivamus metus arcu, adipiscing molestie, hendrerit at, vulputate vitae, nisl. Aenean lectus. Pellentesque eget nunc. Donec quis orci eget orci vehicula condimentum. Curabitur in libero ut massa volutpat convallis. Morbi odio odio, elementum eu, interdum eu, tincidunt in, leo. Maecenas pulvinar lobortis est. Phasellus sit amet erat. Nulla tempus. Vivamus in felis eu sapien cursus vestibulum. Proin eu mi. Nulla ac enim. In tempor, turpis nec euismod scelerisque, quam turpis adipiscing lorem, vitae mattis nibh ligula nec sem. Duis aliquam convallis nunc. Proin at turpis a pede posuere nonummy. Integer non velit. Donec diam neque, vestibulum eget, vulputate ut, ultrices vel, augue. Vestibulum ante ipsum primis in faucibus orci luctus et ultrices posuere cubilia Curae; Donec pharetra, magna vestibulum aliquet ultrices, erat tortor sollicitudin mi, sit amet lobortis sapien sapien non mi. Integer ac neque. Duis bibendum. Morbi non quam nec dui luctus rutrum. Nulla tellus. In sagittis dui vel nisl. Duis ac nibh. Fusce lacus purus, aliquet at, feugiat non, pretium quis, lectus. Suspendisse potenti. In eleifend quam a odio. In hac habitasse platea dictumst. Maecenas ut massa quis augue luctus tincidunt. Nulla mollis molestie lorem. Quisque ut erat. Curabitur gravida nisi at nibh. In hac habitasse platea dictumst. Aliquam augue quam, sollicitudin vitae, consectetuer eget, rutrum at, lorem. Integer tincidunt ante vel ipsum. Praesent blandit lacinia erat. Vestibulum sed magna at nunc commodo placerat. Praesent blandit. Nam nulla. Integer pede justo, lacinia eget, tincidunt eget, tempus vel, pede. Morbi porttitor lorem id ligula. Suspendisse ornare consequat lectus. In est risus, auctor sed, tristique in, tempus sit amet, sem. Fusce consequat. Nulla nisl. Nunc nisl. Duis bibendum, felis sed interdum venenatis, turpis enim blandit mi, in porttitor pede justo eu massa. Donec dapibus. Duis at velit eu est congue elementum. In hac habitasse platea dictumst. Morbi vestibulum, velit id pretium iaculis, diam erat fermentum justo, nec condimentum neque sapien placerat ante. Nulla justo. Aliquam quis turpis eget elit sodales scelerisque. Mauris sit amet eros. Suspendisse accumsan tortor quis turpis. Sed ante. Vivamus tortor. Duis mattis egestas metus. Aenean fermentum. Donec ut mauris eget massa tempor convallis. Nulla neque libero, convallis eget, eleifend luctus, ultricies eu, nibh. Quisque id justo sit amet sapien dignissim vestibulum. Vestibulum ante ipsum primis in faucibus orci luctus et ultrices posuere cubilia Curae; Nulla dapibus dolor vel est. Donec odio justo, sollicitudin ut, suscipit a, feugiat et, eros. Vestibulum ac est lacinia nisi venenatis tristique. Fusce congue, diam id ornare imperdiet, sapien urna pretium nisl, ut volutpat sapien arcu sed augue. Aliquam erat volutpat. In congue. Etiam justo. Etiam pretium iaculis justo. In hac habitasse platea dictumst. Etiam faucibus cursus urna. Ut tellus. Nulla ut erat id mauris vulputate elementum. Nullam varius. Nulla facilisi. Cras non velit nec nisi vulputate nonummy. Maecenas tincidunt lacus at velit. Vivamus vel nulla eget eros elementum pellentesque. Quisque porta volutpat erat. Quisque erat eros, viverra eget, congue eget, semper rutrum, nulla. Nunc purus. Phasellus in felis. Donec semper sapien a libero. Nam dui. Proin leo odio, porttitor id, consequat in, consequat ut, nulla. Sed accumsan felis. Ut at dolor quis odio consequat varius. Integer ac leo. Pellentesque ultrices mattis odio. Donec vitae nisi. Nam ultrices, libero non mattis pulvinar, nulla pede ullamcorper augue, a suscipit nulla elit ac nulla. Sed vel enim sit amet nunc viverra dapibus. Nulla suscipit ligula in lacus. Curabitur at ipsum ac tellus semper interdum. Mauris ullamcorper purus sit amet nulla. Quisque arcu libero, rutrum ac, lobortis vel, dapibus at, diam. Nam tristique tortor eu pede.",414,284
460,Dostava,949 Boyd Point,8.63,2023-12-11,"",164,216
461,Dostava,1 Mariners Cove Park,39.06,2024-08-25,"Morbi sem mauris, laoreet ut, rhoncus aliquet, pulvinar sed, nisl.",47,223
462,Dostava,989 Dryden Trail,76.96,2023-12-16,Proin eu mi. Nulla ac enim.,233,384
463,Nije dostava,60 Debs Pass,127.78,2023-12-29,"",350,243
464,Dostava,75204 Sloan Terrace,30.09,2024-11-11,"",26,3
465,Dostava,4617 Bunting Trail,122.83,2024-05-20,Praesent blandit. Nam nulla.,137,130
466,Dostava,5 Melby Court,113.09,2024-06-30,"Nulla ac enim. In tempor, turpis nec euismod scelerisque, quam turpis adipiscing lorem, vitae mattis nibh ligula nec sem.",398,369
467,Nije dostava,51 Bartillon Point,54.93,2024-11-09,"Nulla neque libero, convallis eget, eleifend luctus, ultricies eu, nibh.",248,52
468,Nije dostava,2 Oak Valley Alley,8.19,2024-01-21,"Morbi quis tortor id nulla ultrices aliquet. Maecenas leo odio, condimentum id, luctus nec, molestie sed, justo.",262,423
469,Nije dostava,196 Stang Place,104.11,2024-07-28,"",405,381
470,Dostava,40 Ohio Alley,119.11,2023-12-13,Nulla justo.,58,377
471,Dostava,5021 Logan Park,122.11,2024-10-12,Nunc purus.,432,221
472,Nije dostava,57162 Emmet Crossing,40.57,2024-09-03,Vestibulum rutrum rutrum neque.,491,336
473,Nije dostava,45 Waywood Drive,142.87,2024-05-25,Vivamus in felis eu sapien cursus vestibulum.,297,286
474,Nije dostava,4 Spohn Trail,143.59,2023-12-22,"",265,462
475,Dostava,94883 Ruskin Alley,121.43,2024-01-16,"Duis bibendum, felis sed interdum venenatis, turpis enim blandit mi, in porttitor pede justo eu massa.",362,35
476,Dostava,801 Mccormick Hill,16.18,2024-11-25,Morbi porttitor lorem id ligula. Suspendisse ornare consequat lectus.,98,88
477,Nije dostava,3839 Manley Trail,39.33,2024-07-14,Phasellus sit amet erat.,402,109
478,Nije dostava,9713 Anderson Court,74.55,2024-11-12,"",472,397
479,Dostava,5 Longview Lane,80.67,2024-10-11,"",222,500
480,Dostava,81784 Sheridan Court,69.31,2024-11-15,"",21,21
481,Dostava,14347 Shoshone Court,102.28,2024-10-19,"Aliquam sit amet diam in magna bibendum imperdiet. Nullam orci pede, venenatis non, sodales sed, tincidunt eu, felis.",191,141
482,Dostava,47 Sachs Trail,17.91,2023-12-16,"Donec vitae nisi. Nam ultrices, libero non mattis pulvinar, nulla pede ullamcorper augue, a suscipit nulla elit ac nulla.",387,289
483,Nije dostava,38 Gulseth Pass,101.94,2024-08-12,"",300,259
484,Nije dostava,146 Acker Road,40.7,2023-12-05,Sed sagittis.,189,62
485,Nije dostava,61 Roth Pass,81.54,2024-08-24,"",138,106
486,Dostava,46 Scott Lane,88.91,2023-12-04,"Integer pede justo, lacinia eget, tincidunt eget, tempus vel, pede.",120,422
487,Dostava,4603 Forest Terrace,132.74,2024-12-02,Duis consequat dui nec nisi volutpat eleifend. Donec ut dolor.,397,232
488,Dostava,01049 Forest Terrace,90.17,2023-12-13,"Fusce posuere felis sed lacus. Morbi sem mauris, laoreet ut, rhoncus aliquet, pulvinar sed, nisl.",229,288
489,Nije dostava,86914 Hudson Pass,136.23,2024-09-20,"",128,22
490,Dostava,55038 Victoria Circle,26.26,2024-10-11,"Cras pellentesque volutpat dui. Maecenas tristique, est et tempus semper, est quam pharetra magna, ac consequat metus sapien ut nunc.",94,140
491,Nije dostava,9609 Loeprich Circle,61.26,2024-10-10,"Integer pede justo, lacinia eget, tincidunt eget, tempus vel, pede. Morbi porttitor lorem id ligula.",173,390
492,Dostava,94242 Mandrake Crossing,55.82,2024-08-08,"Vestibulum quam sapien, varius ut, blandit non, interdum in, ante.",74,497
493,Dostava,3 Park Meadow Circle,65.59,2024-04-20,"Cras in purus eu magna vulputate luctus. Cum sociis natoque penatibus et magnis dis parturient montes, nascetur ridiculus mus.",334,415
494,Nije dostava,166 Nobel Park,109.18,2024-09-09,"",32,396
495,Nije dostava,0928 Basil Trail,12.32,2024-06-22,"",195,452
496,Dostava,82018 Buhler Point,61.0,2024-05-05,"",72,175
497,Dostava,47550 Logan Crossing,85.5,2024-11-10,"Proin leo odio, porttitor id, consequat in, consequat ut, nulla. Sed accumsan felis.",460,161
498,Nije dostava,63 Crowley Place,79.77,2024-05-21,"Quisque arcu libero, rutrum ac, lobortis vel, dapibus at, diam.",396,386
499,Dostava,2 Armistice Center,20.94,2024-10-07,Pellentesque at nulla. Suspendisse potenti.,407,269
500,Nije dostava,29075 Stoughton Alley,102.69,2024-05-06,Etiam pretium iaculis justo.,400,453
